ISO-10303-21;
HEADER;
/* Generated by software containing ST-Developer
 * from STEP Tools, Inc. (www.steptools.com) 
 */

FILE_DESCRIPTION(
/* description */ (''),
/* implementation_level */ '2;1');

FILE_NAME(
/* name */ 'cam.step',
/* time_stamp */ '2026-01-07T12:52:57+05:00',
/* author */ (''),
/* organization */ (''),
/* preprocessor_version */ 'ST-DEVELOPER v20.1',
/* originating_system */ 'Autodesk Translation Framework v14.21.0.0',
/* authorisation */ '');

FILE_SCHEMA (('AUTOMOTIVE_DESIGN { 1 0 10303 214 3 1 1 }'));
ENDSEC;

DATA;
#10=MECHANICAL_DESIGN_GEOMETRIC_PRESENTATION_REPRESENTATION('',(#17,#18,
#19),#2535);
#11=ITEM_DEFINED_TRANSFORMATION($,$,#1502,#1662);
#12=(
REPRESENTATION_RELATIONSHIP($,$,#2546,#2545)
REPRESENTATION_RELATIONSHIP_WITH_TRANSFORMATION(#11)
SHAPE_REPRESENTATION_RELATIONSHIP()
);
#13=CONTEXT_DEPENDENT_SHAPE_REPRESENTATION(#12,#2544);
#14=NEXT_ASSEMBLY_USAGE_OCCURRENCE('Component1:1','Component1:1',
'Component1:1',#2548,#2549,'Component1:1');
#15=SHAPE_REPRESENTATION_RELATIONSHIP('SRR','None',#2546,#16);
#16=ADVANCED_BREP_SHAPE_REPRESENTATION('',(#20,#21,#22),#2534);
#17=STYLED_ITEM('',(#2559),#20);
#18=STYLED_ITEM('',(#2559),#21);
#19=STYLED_ITEM('',(#2559),#22);
#20=MANIFOLD_SOLID_BREP('Body1',#1486);
#21=MANIFOLD_SOLID_BREP('Body2',#1487);
#22=MANIFOLD_SOLID_BREP('Body3',#1488);
#23=CYLINDRICAL_SURFACE('',#1609,37.5);
#24=CYLINDRICAL_SURFACE('',#1613,34.5);
#25=CYLINDRICAL_SURFACE('',#1619,15.8);
#26=CYLINDRICAL_SURFACE('',#1623,14.);
#27=CYLINDRICAL_SURFACE('',#1631,37.5);
#28=CYLINDRICAL_SURFACE('',#1635,34.5);
#29=CYLINDRICAL_SURFACE('',#1642,14.);
#30=CYLINDRICAL_SURFACE('',#1645,1.5);
#31=CYLINDRICAL_SURFACE('',#1648,1.5);
#32=CYLINDRICAL_SURFACE('',#1651,1.5);
#33=CYLINDRICAL_SURFACE('',#1654,1.5);
#34=CYLINDRICAL_SURFACE('',#1657,37.5);
#35=FACE_BOUND('',#287,.T.);
#36=FACE_BOUND('',#289,.T.);
#37=FACE_BOUND('',#290,.T.);
#38=FACE_BOUND('',#291,.T.);
#39=FACE_BOUND('',#292,.T.);
#40=FACE_BOUND('',#293,.T.);
#41=FACE_BOUND('',#294,.T.);
#42=FACE_BOUND('',#295,.T.);
#43=FACE_BOUND('',#296,.T.);
#44=FACE_BOUND('',#297,.T.);
#45=FACE_BOUND('',#298,.T.);
#46=FACE_BOUND('',#299,.T.);
#47=FACE_BOUND('',#301,.T.);
#48=FACE_BOUND('',#303,.T.);
#49=FACE_BOUND('',#304,.T.);
#50=FACE_BOUND('',#305,.T.);
#51=FACE_BOUND('',#306,.T.);
#52=FACE_BOUND('',#307,.T.);
#53=FACE_BOUND('',#308,.T.);
#54=FACE_BOUND('',#309,.T.);
#55=FACE_BOUND('',#310,.T.);
#56=FACE_BOUND('',#311,.T.);
#57=FACE_BOUND('',#312,.T.);
#58=FACE_BOUND('',#313,.T.);
#59=FACE_BOUND('',#317,.T.);
#60=FACE_BOUND('',#320,.T.);
#61=FACE_BOUND('',#324,.T.);
#62=FACE_BOUND('',#327,.T.);
#63=FACE_BOUND('',#339,.T.);
#64=FACE_BOUND('',#340,.T.);
#65=FACE_BOUND('',#341,.T.);
#66=FACE_BOUND('',#342,.T.);
#67=FACE_BOUND('',#343,.T.);
#68=FACE_BOUND('',#344,.T.);
#69=FACE_BOUND('',#346,.T.);
#70=FACE_BOUND('',#347,.T.);
#71=FACE_BOUND('',#348,.T.);
#72=FACE_BOUND('',#349,.T.);
#73=FACE_BOUND('',#350,.T.);
#74=FACE_BOUND('',#351,.T.);
#75=TOROIDAL_SURFACE('',#1603,36.5,1.);
#76=TOROIDAL_SURFACE('',#1615,17.8,2.);
#77=TOROIDAL_SURFACE('',#1626,37.3,0.2);
#78=CIRCLE('',#1505,34.5);
#79=CIRCLE('',#1506,37.5);
#80=CIRCLE('',#1508,37.5);
#81=CIRCLE('',#1509,34.5);
#82=CIRCLE('',#1511,37.5);
#83=CIRCLE('',#1512,34.5);
#84=CIRCLE('',#1515,37.5);
#85=CIRCLE('',#1516,34.5);
#86=CIRCLE('',#1520,34.5);
#87=CIRCLE('',#1521,37.5);
#88=CIRCLE('',#1522,37.5);
#89=CIRCLE('',#1523,34.5);
#90=CIRCLE('',#1525,34.5);
#91=CIRCLE('',#1526,37.5);
#92=CIRCLE('',#1527,37.5);
#93=CIRCLE('',#1528,34.5);
#94=CIRCLE('',#1531,37.5);
#95=CIRCLE('',#1532,34.5);
#96=CIRCLE('',#1535,37.5);
#97=CIRCLE('',#1536,34.5);
#98=CIRCLE('',#1539,37.5);
#99=CIRCLE('',#1540,34.5);
#100=CIRCLE('',#1543,37.5);
#101=CIRCLE('',#1544,34.5);
#102=CIRCLE('',#1547,37.5);
#103=CIRCLE('',#1548,34.5);
#104=CIRCLE('',#1551,37.5);
#105=CIRCLE('',#1552,34.5);
#106=CIRCLE('',#1555,37.5);
#107=CIRCLE('',#1556,34.5);
#108=CIRCLE('',#1559,37.5);
#109=CIRCLE('',#1560,34.5);
#110=CIRCLE('',#1563,37.5);
#111=CIRCLE('',#1564,34.5);
#112=CIRCLE('',#1567,37.5);
#113=CIRCLE('',#1568,34.5);
#114=CIRCLE('',#1571,37.5);
#115=CIRCLE('',#1572,34.5);
#116=CIRCLE('',#1575,37.5);
#117=CIRCLE('',#1576,34.5);
#118=CIRCLE('',#1580,37.5);
#119=CIRCLE('',#1581,34.5);
#120=CIRCLE('',#1584,37.5);
#121=CIRCLE('',#1585,34.5);
#122=CIRCLE('',#1587,37.5);
#123=CIRCLE('',#1588,34.5);
#124=CIRCLE('',#1591,37.5);
#125=CIRCLE('',#1592,34.5);
#126=CIRCLE('',#1595,37.5);
#127=CIRCLE('',#1596,34.5);
#128=CIRCLE('',#1599,37.5);
#129=CIRCLE('',#1600,34.5);
#130=CIRCLE('',#1604,36.5);
#131=CIRCLE('',#1605,1.);
#132=CIRCLE('',#1606,37.5);
#133=CIRCLE('',#1608,17.8);
#134=CIRCLE('',#1610,37.5);
#135=CIRCLE('',#1612,34.5);
#136=CIRCLE('',#1614,34.5);
#137=CIRCLE('',#1616,15.8);
#138=CIRCLE('',#1617,2.);
#139=CIRCLE('',#1618,15.8);
#140=CIRCLE('',#1620,15.8);
#141=CIRCLE('',#1622,14.);
#142=CIRCLE('',#1624,14.);
#143=CIRCLE('',#1627,37.3);
#144=CIRCLE('',#1628,0.2);
#145=CIRCLE('',#1629,37.5);
#146=CIRCLE('',#1630,37.5);
#147=CIRCLE('',#1632,37.5);
#148=CIRCLE('',#1634,34.5);
#149=CIRCLE('',#1636,34.5);
#150=CIRCLE('',#1643,14.);
#151=CIRCLE('',#1644,14.);
#152=CIRCLE('',#1646,1.5);
#153=CIRCLE('',#1647,1.5);
#154=CIRCLE('',#1649,1.5);
#155=CIRCLE('',#1650,1.5);
#156=CIRCLE('',#1652,1.5);
#157=CIRCLE('',#1653,1.5);
#158=CIRCLE('',#1655,1.5);
#159=CIRCLE('',#1656,1.5);
#160=CIRCLE('',#1658,37.5);
#161=CIRCLE('',#1659,37.5);
#162=FACE_OUTER_BOUND('',#237,.T.);
#163=FACE_OUTER_BOUND('',#238,.T.);
#164=FACE_OUTER_BOUND('',#239,.T.);
#165=FACE_OUTER_BOUND('',#240,.T.);
#166=FACE_OUTER_BOUND('',#241,.T.);
#167=FACE_OUTER_BOUND('',#242,.T.);
#168=FACE_OUTER_BOUND('',#243,.T.);
#169=FACE_OUTER_BOUND('',#244,.T.);
#170=FACE_OUTER_BOUND('',#245,.T.);
#171=FACE_OUTER_BOUND('',#246,.T.);
#172=FACE_OUTER_BOUND('',#247,.T.);
#173=FACE_OUTER_BOUND('',#248,.T.);
#174=FACE_OUTER_BOUND('',#249,.T.);
#175=FACE_OUTER_BOUND('',#250,.T.);
#176=FACE_OUTER_BOUND('',#251,.T.);
#177=FACE_OUTER_BOUND('',#252,.T.);
#178=FACE_OUTER_BOUND('',#253,.T.);
#179=FACE_OUTER_BOUND('',#254,.T.);
#180=FACE_OUTER_BOUND('',#255,.T.);
#181=FACE_OUTER_BOUND('',#256,.T.);
#182=FACE_OUTER_BOUND('',#257,.T.);
#183=FACE_OUTER_BOUND('',#258,.T.);
#184=FACE_OUTER_BOUND('',#259,.T.);
#185=FACE_OUTER_BOUND('',#260,.T.);
#186=FACE_OUTER_BOUND('',#261,.T.);
#187=FACE_OUTER_BOUND('',#262,.T.);
#188=FACE_OUTER_BOUND('',#263,.T.);
#189=FACE_OUTER_BOUND('',#264,.T.);
#190=FACE_OUTER_BOUND('',#265,.T.);
#191=FACE_OUTER_BOUND('',#266,.T.);
#192=FACE_OUTER_BOUND('',#267,.T.);
#193=FACE_OUTER_BOUND('',#268,.T.);
#194=FACE_OUTER_BOUND('',#269,.T.);
#195=FACE_OUTER_BOUND('',#270,.T.);
#196=FACE_OUTER_BOUND('',#271,.T.);
#197=FACE_OUTER_BOUND('',#272,.T.);
#198=FACE_OUTER_BOUND('',#273,.T.);
#199=FACE_OUTER_BOUND('',#274,.T.);
#200=FACE_OUTER_BOUND('',#275,.T.);
#201=FACE_OUTER_BOUND('',#276,.T.);
#202=FACE_OUTER_BOUND('',#277,.T.);
#203=FACE_OUTER_BOUND('',#278,.T.);
#204=FACE_OUTER_BOUND('',#279,.T.);
#205=FACE_OUTER_BOUND('',#280,.T.);
#206=FACE_OUTER_BOUND('',#281,.T.);
#207=FACE_OUTER_BOUND('',#282,.T.);
#208=FACE_OUTER_BOUND('',#283,.T.);
#209=FACE_OUTER_BOUND('',#284,.T.);
#210=FACE_OUTER_BOUND('',#285,.T.);
#211=FACE_OUTER_BOUND('',#286,.T.);
#212=FACE_OUTER_BOUND('',#288,.T.);
#213=FACE_OUTER_BOUND('',#300,.T.);
#214=FACE_OUTER_BOUND('',#302,.T.);
#215=FACE_OUTER_BOUND('',#314,.T.);
#216=FACE_OUTER_BOUND('',#315,.T.);
#217=FACE_OUTER_BOUND('',#316,.T.);
#218=FACE_OUTER_BOUND('',#318,.T.);
#219=FACE_OUTER_BOUND('',#319,.T.);
#220=FACE_OUTER_BOUND('',#321,.T.);
#221=FACE_OUTER_BOUND('',#322,.T.);
#222=FACE_OUTER_BOUND('',#323,.T.);
#223=FACE_OUTER_BOUND('',#325,.T.);
#224=FACE_OUTER_BOUND('',#326,.T.);
#225=FACE_OUTER_BOUND('',#328,.T.);
#226=FACE_OUTER_BOUND('',#329,.T.);
#227=FACE_OUTER_BOUND('',#330,.T.);
#228=FACE_OUTER_BOUND('',#331,.T.);
#229=FACE_OUTER_BOUND('',#332,.T.);
#230=FACE_OUTER_BOUND('',#333,.T.);
#231=FACE_OUTER_BOUND('',#334,.T.);
#232=FACE_OUTER_BOUND('',#335,.T.);
#233=FACE_OUTER_BOUND('',#336,.T.);
#234=FACE_OUTER_BOUND('',#337,.T.);
#235=FACE_OUTER_BOUND('',#338,.T.);
#236=FACE_OUTER_BOUND('',#345,.T.);
#237=EDGE_LOOP('',(#939,#940,#941,#942));
#238=EDGE_LOOP('',(#943,#944,#945,#946));
#239=EDGE_LOOP('',(#947,#948,#949,#950));
#240=EDGE_LOOP('',(#951,#952,#953,#954));
#241=EDGE_LOOP('',(#955,#956,#957,#958));
#242=EDGE_LOOP('',(#959,#960,#961,#962));
#243=EDGE_LOOP('',(#963,#964,#965,#966));
#244=EDGE_LOOP('',(#967,#968,#969,#970));
#245=EDGE_LOOP('',(#971,#972,#973,#974,#975,#976));
#246=EDGE_LOOP('',(#977,#978,#979,#980,#981,#982));
#247=EDGE_LOOP('',(#983,#984,#985,#986));
#248=EDGE_LOOP('',(#987,#988,#989,#990));
#249=EDGE_LOOP('',(#991,#992,#993,#994));
#250=EDGE_LOOP('',(#995,#996,#997,#998));
#251=EDGE_LOOP('',(#999,#1000,#1001,#1002));
#252=EDGE_LOOP('',(#1003,#1004,#1005,#1006));
#253=EDGE_LOOP('',(#1007,#1008,#1009,#1010));
#254=EDGE_LOOP('',(#1011,#1012,#1013,#1014));
#255=EDGE_LOOP('',(#1015,#1016,#1017,#1018));
#256=EDGE_LOOP('',(#1019,#1020,#1021,#1022));
#257=EDGE_LOOP('',(#1023,#1024,#1025,#1026));
#258=EDGE_LOOP('',(#1027,#1028,#1029,#1030));
#259=EDGE_LOOP('',(#1031,#1032,#1033,#1034));
#260=EDGE_LOOP('',(#1035,#1036,#1037,#1038));
#261=EDGE_LOOP('',(#1039,#1040,#1041,#1042));
#262=EDGE_LOOP('',(#1043,#1044,#1045,#1046));
#263=EDGE_LOOP('',(#1047,#1048,#1049,#1050));
#264=EDGE_LOOP('',(#1051,#1052,#1053,#1054));
#265=EDGE_LOOP('',(#1055,#1056,#1057,#1058));
#266=EDGE_LOOP('',(#1059,#1060,#1061,#1062));
#267=EDGE_LOOP('',(#1063,#1064,#1065,#1066));
#268=EDGE_LOOP('',(#1067,#1068,#1069,#1070));
#269=EDGE_LOOP('',(#1071,#1072,#1073,#1074));
#270=EDGE_LOOP('',(#1075,#1076,#1077,#1078));
#271=EDGE_LOOP('',(#1079,#1080,#1081,#1082));
#272=EDGE_LOOP('',(#1083,#1084,#1085,#1086));
#273=EDGE_LOOP('',(#1087,#1088,#1089,#1090));
#274=EDGE_LOOP('',(#1091,#1092,#1093,#1094));
#275=EDGE_LOOP('',(#1095,#1096,#1097,#1098));
#276=EDGE_LOOP('',(#1099,#1100,#1101,#1102));
#277=EDGE_LOOP('',(#1103,#1104,#1105,#1106));
#278=EDGE_LOOP('',(#1107,#1108,#1109,#1110));
#279=EDGE_LOOP('',(#1111,#1112,#1113,#1114));
#280=EDGE_LOOP('',(#1115,#1116,#1117,#1118));
#281=EDGE_LOOP('',(#1119,#1120,#1121,#1122));
#282=EDGE_LOOP('',(#1123,#1124,#1125,#1126));
#283=EDGE_LOOP('',(#1127,#1128,#1129,#1130));
#284=EDGE_LOOP('',(#1131,#1132,#1133,#1134));
#285=EDGE_LOOP('',(#1135,#1136,#1137,#1138));
#286=EDGE_LOOP('',(#1139));
#287=EDGE_LOOP('',(#1140));
#288=EDGE_LOOP('',(#1141,#1142,#1143,#1144,#1145,#1146,#1147,#1148,#1149,
#1150,#1151,#1152));
#289=EDGE_LOOP('',(#1153,#1154,#1155,#1156));
#290=EDGE_LOOP('',(#1157,#1158,#1159,#1160));
#291=EDGE_LOOP('',(#1161,#1162,#1163,#1164));
#292=EDGE_LOOP('',(#1165,#1166,#1167,#1168));
#293=EDGE_LOOP('',(#1169,#1170,#1171,#1172));
#294=EDGE_LOOP('',(#1173,#1174,#1175,#1176));
#295=EDGE_LOOP('',(#1177,#1178,#1179,#1180));
#296=EDGE_LOOP('',(#1181,#1182,#1183,#1184));
#297=EDGE_LOOP('',(#1185,#1186,#1187,#1188));
#298=EDGE_LOOP('',(#1189,#1190,#1191,#1192));
#299=EDGE_LOOP('',(#1193,#1194,#1195,#1196));
#300=EDGE_LOOP('',(#1197));
#301=EDGE_LOOP('',(#1198));
#302=EDGE_LOOP('',(#1199,#1200,#1201,#1202,#1203,#1204,#1205,#1206,#1207,
#1208,#1209,#1210));
#303=EDGE_LOOP('',(#1211,#1212,#1213,#1214));
#304=EDGE_LOOP('',(#1215,#1216,#1217,#1218));
#305=EDGE_LOOP('',(#1219,#1220,#1221,#1222));
#306=EDGE_LOOP('',(#1223,#1224,#1225,#1226));
#307=EDGE_LOOP('',(#1227,#1228,#1229,#1230));
#308=EDGE_LOOP('',(#1231,#1232,#1233,#1234));
#309=EDGE_LOOP('',(#1235,#1236,#1237,#1238));
#310=EDGE_LOOP('',(#1239,#1240,#1241,#1242));
#311=EDGE_LOOP('',(#1243,#1244,#1245,#1246));
#312=EDGE_LOOP('',(#1247,#1248,#1249,#1250));
#313=EDGE_LOOP('',(#1251,#1252,#1253,#1254));
#314=EDGE_LOOP('',(#1255,#1256,#1257,#1258,#1259));
#315=EDGE_LOOP('',(#1260,#1261,#1262,#1263,#1264));
#316=EDGE_LOOP('',(#1265));
#317=EDGE_LOOP('',(#1266));
#318=EDGE_LOOP('',(#1267,#1268,#1269,#1270));
#319=EDGE_LOOP('',(#1271));
#320=EDGE_LOOP('',(#1272));
#321=EDGE_LOOP('',(#1273,#1274,#1275,#1276,#1277));
#322=EDGE_LOOP('',(#1278,#1279,#1280,#1281,#1282));
#323=EDGE_LOOP('',(#1283));
#324=EDGE_LOOP('',(#1284));
#325=EDGE_LOOP('',(#1285,#1286,#1287,#1288));
#326=EDGE_LOOP('',(#1289));
#327=EDGE_LOOP('',(#1290));
#328=EDGE_LOOP('',(#1291,#1292,#1293,#1294));
#329=EDGE_LOOP('',(#1295,#1296,#1297,#1298));
#330=EDGE_LOOP('',(#1299,#1300,#1301,#1302));
#331=EDGE_LOOP('',(#1303,#1304,#1305,#1306));
#332=EDGE_LOOP('',(#1307,#1308,#1309,#1310));
#333=EDGE_LOOP('',(#1311,#1312,#1313,#1314));
#334=EDGE_LOOP('',(#1315,#1316,#1317,#1318));
#335=EDGE_LOOP('',(#1319,#1320,#1321,#1322));
#336=EDGE_LOOP('',(#1323,#1324,#1325,#1326));
#337=EDGE_LOOP('',(#1327,#1328,#1329,#1330));
#338=EDGE_LOOP('',(#1331));
#339=EDGE_LOOP('',(#1332,#1333,#1334,#1335));
#340=EDGE_LOOP('',(#1336));
#341=EDGE_LOOP('',(#1337));
#342=EDGE_LOOP('',(#1338));
#343=EDGE_LOOP('',(#1339));
#344=EDGE_LOOP('',(#1340));
#345=EDGE_LOOP('',(#1341));
#346=EDGE_LOOP('',(#1342,#1343,#1344,#1345));
#347=EDGE_LOOP('',(#1346));
#348=EDGE_LOOP('',(#1347));
#349=EDGE_LOOP('',(#1348));
#350=EDGE_LOOP('',(#1349));
#351=EDGE_LOOP('',(#1350));
#352=LINE('',#2114,#474);
#353=LINE('',#2116,#475);
#354=LINE('',#2118,#476);
#355=LINE('',#2119,#477);
#356=LINE('',#2124,#478);
#357=LINE('',#2130,#479);
#358=LINE('',#2137,#480);
#359=LINE('',#2140,#481);
#360=LINE('',#2143,#482);
#361=LINE('',#2145,#483);
#362=LINE('',#2146,#484);
#363=LINE('',#2152,#485);
#364=LINE('',#2154,#486);
#365=LINE('',#2155,#487);
#366=LINE('',#2159,#488);
#367=LINE('',#2161,#489);
#368=LINE('',#2163,#490);
#369=LINE('',#2164,#491);
#370=LINE('',#2170,#492);
#371=LINE('',#2183,#493);
#372=LINE('',#2186,#494);
#373=LINE('',#2187,#495);
#374=LINE('',#2193,#496);
#375=LINE('',#2196,#497);
#376=LINE('',#2199,#498);
#377=LINE('',#2201,#499);
#378=LINE('',#2202,#500);
#379=LINE('',#2208,#501);
#380=LINE('',#2210,#502);
#381=LINE('',#2211,#503);
#382=LINE('',#2217,#504);
#383=LINE('',#2220,#505);
#384=LINE('',#2223,#506);
#385=LINE('',#2225,#507);
#386=LINE('',#2226,#508);
#387=LINE('',#2232,#509);
#388=LINE('',#2234,#510);
#389=LINE('',#2235,#511);
#390=LINE('',#2241,#512);
#391=LINE('',#2244,#513);
#392=LINE('',#2247,#514);
#393=LINE('',#2249,#515);
#394=LINE('',#2250,#516);
#395=LINE('',#2256,#517);
#396=LINE('',#2258,#518);
#397=LINE('',#2259,#519);
#398=LINE('',#2265,#520);
#399=LINE('',#2268,#521);
#400=LINE('',#2271,#522);
#401=LINE('',#2273,#523);
#402=LINE('',#2274,#524);
#403=LINE('',#2280,#525);
#404=LINE('',#2282,#526);
#405=LINE('',#2283,#527);
#406=LINE('',#2289,#528);
#407=LINE('',#2292,#529);
#408=LINE('',#2295,#530);
#409=LINE('',#2297,#531);
#410=LINE('',#2298,#532);
#411=LINE('',#2304,#533);
#412=LINE('',#2306,#534);
#413=LINE('',#2307,#535);
#414=LINE('',#2313,#536);
#415=LINE('',#2316,#537);
#416=LINE('',#2319,#538);
#417=LINE('',#2321,#539);
#418=LINE('',#2322,#540);
#419=LINE('',#2328,#541);
#420=LINE('',#2330,#542);
#421=LINE('',#2331,#543);
#422=LINE('',#2335,#544);
#423=LINE('',#2337,#545);
#424=LINE('',#2339,#546);
#425=LINE('',#2340,#547);
#426=LINE('',#2346,#548);
#427=LINE('',#2349,#549);
#428=LINE('',#2351,#550);
#429=LINE('',#2352,#551);
#430=LINE('',#2361,#552);
#431=LINE('',#2364,#553);
#432=LINE('',#2367,#554);
#433=LINE('',#2369,#555);
#434=LINE('',#2370,#556);
#435=LINE('',#2376,#557);
#436=LINE('',#2378,#558);
#437=LINE('',#2379,#559);
#438=LINE('',#2385,#560);
#439=LINE('',#2388,#561);
#440=LINE('',#2391,#562);
#441=LINE('',#2393,#563);
#442=LINE('',#2394,#564);
#443=LINE('',#2400,#565);
#444=LINE('',#2402,#566);
#445=LINE('',#2403,#567);
#446=LINE('',#2405,#568);
#447=LINE('',#2406,#569);
#448=LINE('',#2419,#570);
#449=LINE('',#2420,#571);
#450=LINE('',#2425,#572);
#451=LINE('',#2427,#573);
#452=LINE('',#2438,#574);
#453=LINE('',#2445,#575);
#454=LINE('',#2458,#576);
#455=LINE('',#2465,#577);
#456=LINE('',#2470,#578);
#457=LINE('',#2472,#579);
#458=LINE('',#2474,#580);
#459=LINE('',#2475,#581);
#460=LINE('',#2478,#582);
#461=LINE('',#2480,#583);
#462=LINE('',#2481,#584);
#463=LINE('',#2484,#585);
#464=LINE('',#2486,#586);
#465=LINE('',#2487,#587);
#466=LINE('',#2489,#588);
#467=LINE('',#2490,#589);
#468=LINE('',#2495,#590);
#469=LINE('',#2501,#591);
#470=LINE('',#2507,#592);
#471=LINE('',#2513,#593);
#472=LINE('',#2519,#594);
#473=LINE('',#2525,#595);
#474=VECTOR('',#1669,10.);
#475=VECTOR('',#1670,10.);
#476=VECTOR('',#1671,10.);
#477=VECTOR('',#1672,10.);
#478=VECTOR('',#1677,10.);
#479=VECTOR('',#1684,10.);
#480=VECTOR('',#1691,10.);
#481=VECTOR('',#1694,10.);
#482=VECTOR('',#1697,10.);
#483=VECTOR('',#1698,10.);
#484=VECTOR('',#1699,10.);
#485=VECTOR('',#1706,10.);
#486=VECTOR('',#1709,10.);
#487=VECTOR('',#1710,10.);
#488=VECTOR('',#1713,10.);
#489=VECTOR('',#1714,10.);
#490=VECTOR('',#1715,10.);
#491=VECTOR('',#1716,10.);
#492=VECTOR('',#1721,10.);
#493=VECTOR('',#1736,10.);
#494=VECTOR('',#1741,10.);
#495=VECTOR('',#1742,10.);
#496=VECTOR('',#1747,10.);
#497=VECTOR('',#1750,10.);
#498=VECTOR('',#1753,10.);
#499=VECTOR('',#1754,10.);
#500=VECTOR('',#1755,10.);
#501=VECTOR('',#1762,10.);
#502=VECTOR('',#1765,10.);
#503=VECTOR('',#1766,10.);
#504=VECTOR('',#1771,10.);
#505=VECTOR('',#1774,10.);
#506=VECTOR('',#1777,10.);
#507=VECTOR('',#1778,10.);
#508=VECTOR('',#1779,10.);
#509=VECTOR('',#1786,10.);
#510=VECTOR('',#1789,10.);
#511=VECTOR('',#1790,10.);
#512=VECTOR('',#1795,10.);
#513=VECTOR('',#1798,10.);
#514=VECTOR('',#1801,10.);
#515=VECTOR('',#1802,10.);
#516=VECTOR('',#1803,10.);
#517=VECTOR('',#1810,10.);
#518=VECTOR('',#1813,10.);
#519=VECTOR('',#1814,10.);
#520=VECTOR('',#1819,10.);
#521=VECTOR('',#1822,10.);
#522=VECTOR('',#1825,10.);
#523=VECTOR('',#1826,10.);
#524=VECTOR('',#1827,10.);
#525=VECTOR('',#1834,10.);
#526=VECTOR('',#1837,10.);
#527=VECTOR('',#1838,10.);
#528=VECTOR('',#1843,10.);
#529=VECTOR('',#1846,10.);
#530=VECTOR('',#1849,10.);
#531=VECTOR('',#1850,10.);
#532=VECTOR('',#1851,10.);
#533=VECTOR('',#1858,10.);
#534=VECTOR('',#1861,10.);
#535=VECTOR('',#1862,10.);
#536=VECTOR('',#1867,10.);
#537=VECTOR('',#1870,10.);
#538=VECTOR('',#1873,10.);
#539=VECTOR('',#1874,10.);
#540=VECTOR('',#1875,10.);
#541=VECTOR('',#1882,10.);
#542=VECTOR('',#1885,10.);
#543=VECTOR('',#1886,10.);
#544=VECTOR('',#1889,10.);
#545=VECTOR('',#1890,10.);
#546=VECTOR('',#1891,10.);
#547=VECTOR('',#1892,10.);
#548=VECTOR('',#1899,10.);
#549=VECTOR('',#1902,10.);
#550=VECTOR('',#1903,10.);
#551=VECTOR('',#1904,10.);
#552=VECTOR('',#1915,10.);
#553=VECTOR('',#1918,10.);
#554=VECTOR('',#1921,10.);
#555=VECTOR('',#1922,10.);
#556=VECTOR('',#1923,10.);
#557=VECTOR('',#1930,10.);
#558=VECTOR('',#1933,10.);
#559=VECTOR('',#1934,10.);
#560=VECTOR('',#1939,10.);
#561=VECTOR('',#1942,10.);
#562=VECTOR('',#1945,10.);
#563=VECTOR('',#1946,10.);
#564=VECTOR('',#1947,10.);
#565=VECTOR('',#1954,10.);
#566=VECTOR('',#1957,10.);
#567=VECTOR('',#1958,10.);
#568=VECTOR('',#1961,10.);
#569=VECTOR('',#1962,10.);
#570=VECTOR('',#1979,37.5);
#571=VECTOR('',#1980,37.5);
#572=VECTOR('',#1987,34.5);
#573=VECTOR('',#1988,34.5);
#574=VECTOR('',#2003,15.8);
#575=VECTOR('',#2012,13.);
#576=VECTOR('',#2029,37.5);
#577=VECTOR('',#2038,34.5);
#578=VECTOR('',#2043,10.);
#579=VECTOR('',#2044,10.);
#580=VECTOR('',#2045,10.);
#581=VECTOR('',#2046,10.);
#582=VECTOR('',#2049,10.);
#583=VECTOR('',#2050,10.);
#584=VECTOR('',#2051,10.);
#585=VECTOR('',#2054,10.);
#586=VECTOR('',#2055,10.);
#587=VECTOR('',#2056,10.);
#588=VECTOR('',#2059,10.);
#589=VECTOR('',#2060,10.);
#590=VECTOR('',#2065,14.);
#591=VECTOR('',#2072,1.5);
#592=VECTOR('',#2079,1.5);
#593=VECTOR('',#2086,1.5);
#594=VECTOR('',#2093,1.5);
#595=VECTOR('',#2100,37.5);
#596=VERTEX_POINT('',#2112);
#597=VERTEX_POINT('',#2113);
#598=VERTEX_POINT('',#2115);
#599=VERTEX_POINT('',#2117);
#600=VERTEX_POINT('',#2121);
#601=VERTEX_POINT('',#2123);
#602=VERTEX_POINT('',#2127);
#603=VERTEX_POINT('',#2129);
#604=VERTEX_POINT('',#2133);
#605=VERTEX_POINT('',#2134);
#606=VERTEX_POINT('',#2136);
#607=VERTEX_POINT('',#2138);
#608=VERTEX_POINT('',#2142);
#609=VERTEX_POINT('',#2144);
#610=VERTEX_POINT('',#2148);
#611=VERTEX_POINT('',#2150);
#612=VERTEX_POINT('',#2157);
#613=VERTEX_POINT('',#2158);
#614=VERTEX_POINT('',#2160);
#615=VERTEX_POINT('',#2162);
#616=VERTEX_POINT('',#2166);
#617=VERTEX_POINT('',#2167);
#618=VERTEX_POINT('',#2169);
#619=VERTEX_POINT('',#2171);
#620=VERTEX_POINT('',#2176);
#621=VERTEX_POINT('',#2178);
#622=VERTEX_POINT('',#2180);
#623=VERTEX_POINT('',#2182);
#624=VERTEX_POINT('',#2189);
#625=VERTEX_POINT('',#2190);
#626=VERTEX_POINT('',#2192);
#627=VERTEX_POINT('',#2194);
#628=VERTEX_POINT('',#2198);
#629=VERTEX_POINT('',#2200);
#630=VERTEX_POINT('',#2204);
#631=VERTEX_POINT('',#2206);
#632=VERTEX_POINT('',#2213);
#633=VERTEX_POINT('',#2214);
#634=VERTEX_POINT('',#2216);
#635=VERTEX_POINT('',#2218);
#636=VERTEX_POINT('',#2222);
#637=VERTEX_POINT('',#2224);
#638=VERTEX_POINT('',#2228);
#639=VERTEX_POINT('',#2230);
#640=VERTEX_POINT('',#2237);
#641=VERTEX_POINT('',#2238);
#642=VERTEX_POINT('',#2240);
#643=VERTEX_POINT('',#2242);
#644=VERTEX_POINT('',#2246);
#645=VERTEX_POINT('',#2248);
#646=VERTEX_POINT('',#2252);
#647=VERTEX_POINT('',#2254);
#648=VERTEX_POINT('',#2261);
#649=VERTEX_POINT('',#2262);
#650=VERTEX_POINT('',#2264);
#651=VERTEX_POINT('',#2266);
#652=VERTEX_POINT('',#2270);
#653=VERTEX_POINT('',#2272);
#654=VERTEX_POINT('',#2276);
#655=VERTEX_POINT('',#2278);
#656=VERTEX_POINT('',#2285);
#657=VERTEX_POINT('',#2286);
#658=VERTEX_POINT('',#2288);
#659=VERTEX_POINT('',#2290);
#660=VERTEX_POINT('',#2294);
#661=VERTEX_POINT('',#2296);
#662=VERTEX_POINT('',#2300);
#663=VERTEX_POINT('',#2302);
#664=VERTEX_POINT('',#2309);
#665=VERTEX_POINT('',#2310);
#666=VERTEX_POINT('',#2312);
#667=VERTEX_POINT('',#2314);
#668=VERTEX_POINT('',#2318);
#669=VERTEX_POINT('',#2320);
#670=VERTEX_POINT('',#2324);
#671=VERTEX_POINT('',#2326);
#672=VERTEX_POINT('',#2333);
#673=VERTEX_POINT('',#2334);
#674=VERTEX_POINT('',#2336);
#675=VERTEX_POINT('',#2338);
#676=VERTEX_POINT('',#2342);
#677=VERTEX_POINT('',#2344);
#678=VERTEX_POINT('',#2348);
#679=VERTEX_POINT('',#2350);
#680=VERTEX_POINT('',#2357);
#681=VERTEX_POINT('',#2358);
#682=VERTEX_POINT('',#2360);
#683=VERTEX_POINT('',#2362);
#684=VERTEX_POINT('',#2366);
#685=VERTEX_POINT('',#2368);
#686=VERTEX_POINT('',#2372);
#687=VERTEX_POINT('',#2374);
#688=VERTEX_POINT('',#2381);
#689=VERTEX_POINT('',#2382);
#690=VERTEX_POINT('',#2384);
#691=VERTEX_POINT('',#2386);
#692=VERTEX_POINT('',#2390);
#693=VERTEX_POINT('',#2392);
#694=VERTEX_POINT('',#2396);
#695=VERTEX_POINT('',#2398);
#696=VERTEX_POINT('',#2408);
#697=VERTEX_POINT('',#2410);
#698=VERTEX_POINT('',#2414);
#699=VERTEX_POINT('',#2417);
#700=VERTEX_POINT('',#2422);
#701=VERTEX_POINT('',#2426);
#702=VERTEX_POINT('',#2430);
#703=VERTEX_POINT('',#2431);
#704=VERTEX_POINT('',#2436);
#705=VERTEX_POINT('',#2440);
#706=VERTEX_POINT('',#2443);
#707=VERTEX_POINT('',#2448);
#708=VERTEX_POINT('',#2450);
#709=VERTEX_POINT('',#2452);
#710=VERTEX_POINT('',#2456);
#711=VERTEX_POINT('',#2460);
#712=VERTEX_POINT('',#2463);
#713=VERTEX_POINT('',#2468);
#714=VERTEX_POINT('',#2469);
#715=VERTEX_POINT('',#2471);
#716=VERTEX_POINT('',#2473);
#717=VERTEX_POINT('',#2477);
#718=VERTEX_POINT('',#2479);
#719=VERTEX_POINT('',#2483);
#720=VERTEX_POINT('',#2485);
#721=VERTEX_POINT('',#2492);
#722=VERTEX_POINT('',#2494);
#723=VERTEX_POINT('',#2498);
#724=VERTEX_POINT('',#2500);
#725=VERTEX_POINT('',#2504);
#726=VERTEX_POINT('',#2506);
#727=VERTEX_POINT('',#2510);
#728=VERTEX_POINT('',#2512);
#729=VERTEX_POINT('',#2516);
#730=VERTEX_POINT('',#2518);
#731=VERTEX_POINT('',#2522);
#732=VERTEX_POINT('',#2524);
#733=EDGE_CURVE('',#596,#597,#352,.T.);
#734=EDGE_CURVE('',#598,#597,#353,.T.);
#735=EDGE_CURVE('',#599,#598,#354,.T.);
#736=EDGE_CURVE('',#596,#599,#355,.T.);
#737=EDGE_CURVE('',#600,#598,#78,.T.);
#738=EDGE_CURVE('',#601,#600,#356,.T.);
#739=EDGE_CURVE('',#599,#601,#79,.T.);
#740=EDGE_CURVE('',#602,#596,#80,.T.);
#741=EDGE_CURVE('',#602,#603,#357,.T.);
#742=EDGE_CURVE('',#597,#603,#81,.T.);
#743=EDGE_CURVE('',#604,#605,#82,.T.);
#744=EDGE_CURVE('',#604,#606,#358,.T.);
#745=EDGE_CURVE('',#607,#606,#83,.T.);
#746=EDGE_CURVE('',#605,#607,#359,.T.);
#747=EDGE_CURVE('',#605,#608,#360,.T.);
#748=EDGE_CURVE('',#609,#607,#361,.T.);
#749=EDGE_CURVE('',#608,#609,#362,.T.);
#750=EDGE_CURVE('',#608,#610,#84,.T.);
#751=EDGE_CURVE('',#611,#609,#85,.T.);
#752=EDGE_CURVE('',#610,#611,#363,.T.);
#753=EDGE_CURVE('',#610,#604,#364,.T.);
#754=EDGE_CURVE('',#606,#611,#365,.T.);
#755=EDGE_CURVE('',#612,#613,#366,.T.);
#756=EDGE_CURVE('',#614,#612,#367,.T.);
#757=EDGE_CURVE('',#615,#614,#368,.T.);
#758=EDGE_CURVE('',#615,#613,#369,.T.);
#759=EDGE_CURVE('',#616,#617,#86,.T.);
#760=EDGE_CURVE('',#618,#616,#370,.T.);
#761=EDGE_CURVE('',#619,#618,#87,.T.);
#762=EDGE_CURVE('',#614,#619,#88,.T.);
#763=EDGE_CURVE('',#617,#612,#89,.T.);
#764=EDGE_CURVE('',#613,#620,#90,.T.);
#765=EDGE_CURVE('',#621,#615,#91,.T.);
#766=EDGE_CURVE('',#622,#621,#92,.T.);
#767=EDGE_CURVE('',#622,#623,#371,.T.);
#768=EDGE_CURVE('',#620,#623,#93,.T.);
#769=EDGE_CURVE('',#623,#616,#372,.T.);
#770=EDGE_CURVE('',#618,#622,#373,.T.);
#771=EDGE_CURVE('',#624,#625,#94,.T.);
#772=EDGE_CURVE('',#624,#626,#374,.T.);
#773=EDGE_CURVE('',#627,#626,#95,.T.);
#774=EDGE_CURVE('',#625,#627,#375,.T.);
#775=EDGE_CURVE('',#625,#628,#376,.T.);
#776=EDGE_CURVE('',#629,#627,#377,.T.);
#777=EDGE_CURVE('',#628,#629,#378,.T.);
#778=EDGE_CURVE('',#628,#630,#96,.T.);
#779=EDGE_CURVE('',#631,#629,#97,.T.);
#780=EDGE_CURVE('',#630,#631,#379,.T.);
#781=EDGE_CURVE('',#630,#624,#380,.T.);
#782=EDGE_CURVE('',#626,#631,#381,.T.);
#783=EDGE_CURVE('',#632,#633,#98,.T.);
#784=EDGE_CURVE('',#632,#634,#382,.T.);
#785=EDGE_CURVE('',#635,#634,#99,.T.);
#786=EDGE_CURVE('',#633,#635,#383,.T.);
#787=EDGE_CURVE('',#633,#636,#384,.T.);
#788=EDGE_CURVE('',#637,#635,#385,.T.);
#789=EDGE_CURVE('',#636,#637,#386,.T.);
#790=EDGE_CURVE('',#636,#638,#100,.T.);
#791=EDGE_CURVE('',#639,#637,#101,.T.);
#792=EDGE_CURVE('',#638,#639,#387,.T.);
#793=EDGE_CURVE('',#638,#632,#388,.T.);
#794=EDGE_CURVE('',#634,#639,#389,.T.);
#795=EDGE_CURVE('',#640,#641,#102,.T.);
#796=EDGE_CURVE('',#640,#642,#390,.T.);
#797=EDGE_CURVE('',#643,#642,#103,.T.);
#798=EDGE_CURVE('',#641,#643,#391,.T.);
#799=EDGE_CURVE('',#641,#644,#392,.T.);
#800=EDGE_CURVE('',#645,#643,#393,.T.);
#801=EDGE_CURVE('',#644,#645,#394,.T.);
#802=EDGE_CURVE('',#644,#646,#104,.T.);
#803=EDGE_CURVE('',#647,#645,#105,.T.);
#804=EDGE_CURVE('',#646,#647,#395,.T.);
#805=EDGE_CURVE('',#646,#640,#396,.T.);
#806=EDGE_CURVE('',#642,#647,#397,.T.);
#807=EDGE_CURVE('',#648,#649,#106,.T.);
#808=EDGE_CURVE('',#648,#650,#398,.T.);
#809=EDGE_CURVE('',#651,#650,#107,.T.);
#810=EDGE_CURVE('',#649,#651,#399,.T.);
#811=EDGE_CURVE('',#649,#652,#400,.T.);
#812=EDGE_CURVE('',#653,#651,#401,.T.);
#813=EDGE_CURVE('',#652,#653,#402,.T.);
#814=EDGE_CURVE('',#652,#654,#108,.T.);
#815=EDGE_CURVE('',#655,#653,#109,.T.);
#816=EDGE_CURVE('',#654,#655,#403,.T.);
#817=EDGE_CURVE('',#654,#648,#404,.T.);
#818=EDGE_CURVE('',#650,#655,#405,.T.);
#819=EDGE_CURVE('',#656,#657,#110,.T.);
#820=EDGE_CURVE('',#656,#658,#406,.T.);
#821=EDGE_CURVE('',#659,#658,#111,.T.);
#822=EDGE_CURVE('',#657,#659,#407,.T.);
#823=EDGE_CURVE('',#657,#660,#408,.T.);
#824=EDGE_CURVE('',#661,#659,#409,.T.);
#825=EDGE_CURVE('',#660,#661,#410,.T.);
#826=EDGE_CURVE('',#660,#662,#112,.T.);
#827=EDGE_CURVE('',#663,#661,#113,.T.);
#828=EDGE_CURVE('',#662,#663,#411,.T.);
#829=EDGE_CURVE('',#662,#656,#412,.T.);
#830=EDGE_CURVE('',#658,#663,#413,.T.);
#831=EDGE_CURVE('',#664,#665,#114,.T.);
#832=EDGE_CURVE('',#664,#666,#414,.T.);
#833=EDGE_CURVE('',#667,#666,#115,.T.);
#834=EDGE_CURVE('',#665,#667,#415,.T.);
#835=EDGE_CURVE('',#665,#668,#416,.T.);
#836=EDGE_CURVE('',#669,#667,#417,.T.);
#837=EDGE_CURVE('',#668,#669,#418,.T.);
#838=EDGE_CURVE('',#668,#670,#116,.T.);
#839=EDGE_CURVE('',#671,#669,#117,.T.);
#840=EDGE_CURVE('',#670,#671,#419,.T.);
#841=EDGE_CURVE('',#670,#664,#420,.T.);
#842=EDGE_CURVE('',#666,#671,#421,.T.);
#843=EDGE_CURVE('',#672,#673,#422,.T.);
#844=EDGE_CURVE('',#672,#674,#423,.T.);
#845=EDGE_CURVE('',#675,#674,#424,.T.);
#846=EDGE_CURVE('',#673,#675,#425,.T.);
#847=EDGE_CURVE('',#673,#676,#118,.T.);
#848=EDGE_CURVE('',#677,#675,#119,.T.);
#849=EDGE_CURVE('',#676,#677,#426,.T.);
#850=EDGE_CURVE('',#676,#678,#427,.T.);
#851=EDGE_CURVE('',#679,#677,#428,.T.);
#852=EDGE_CURVE('',#678,#679,#429,.T.);
#853=EDGE_CURVE('',#678,#672,#120,.T.);
#854=EDGE_CURVE('',#674,#679,#121,.T.);
#855=EDGE_CURVE('',#680,#681,#122,.T.);
#856=EDGE_CURVE('',#680,#682,#430,.T.);
#857=EDGE_CURVE('',#683,#682,#123,.T.);
#858=EDGE_CURVE('',#681,#683,#431,.T.);
#859=EDGE_CURVE('',#681,#684,#432,.T.);
#860=EDGE_CURVE('',#685,#683,#433,.T.);
#861=EDGE_CURVE('',#684,#685,#434,.T.);
#862=EDGE_CURVE('',#684,#686,#124,.T.);
#863=EDGE_CURVE('',#687,#685,#125,.T.);
#864=EDGE_CURVE('',#686,#687,#435,.T.);
#865=EDGE_CURVE('',#686,#680,#436,.T.);
#866=EDGE_CURVE('',#682,#687,#437,.T.);
#867=EDGE_CURVE('',#688,#689,#126,.T.);
#868=EDGE_CURVE('',#688,#690,#438,.T.);
#869=EDGE_CURVE('',#691,#690,#127,.T.);
#870=EDGE_CURVE('',#689,#691,#439,.T.);
#871=EDGE_CURVE('',#689,#692,#440,.T.);
#872=EDGE_CURVE('',#693,#691,#441,.T.);
#873=EDGE_CURVE('',#692,#693,#442,.T.);
#874=EDGE_CURVE('',#692,#694,#128,.T.);
#875=EDGE_CURVE('',#695,#693,#129,.T.);
#876=EDGE_CURVE('',#694,#695,#443,.T.);
#877=EDGE_CURVE('',#694,#688,#444,.T.);
#878=EDGE_CURVE('',#690,#695,#445,.T.);
#879=EDGE_CURVE('',#601,#602,#446,.T.);
#880=EDGE_CURVE('',#603,#600,#447,.T.);
#881=EDGE_CURVE('',#696,#696,#130,.T.);
#882=EDGE_CURVE('',#696,#697,#131,.T.);
#883=EDGE_CURVE('',#697,#697,#132,.T.);
#884=EDGE_CURVE('',#698,#698,#133,.T.);
#885=EDGE_CURVE('',#699,#699,#134,.T.);
#886=EDGE_CURVE('',#699,#619,#448,.T.);
#887=EDGE_CURVE('',#621,#697,#449,.T.);
#888=EDGE_CURVE('',#700,#700,#135,.T.);
#889=EDGE_CURVE('',#700,#617,#450,.T.);
#890=EDGE_CURVE('',#620,#701,#451,.T.);
#891=EDGE_CURVE('',#701,#701,#136,.T.);
#892=EDGE_CURVE('',#702,#703,#137,.T.);
#893=EDGE_CURVE('',#703,#698,#138,.T.);
#894=EDGE_CURVE('',#703,#702,#139,.T.);
#895=EDGE_CURVE('',#704,#704,#140,.T.);
#896=EDGE_CURVE('',#704,#702,#452,.T.);
#897=EDGE_CURVE('',#705,#705,#141,.F.);
#898=EDGE_CURVE('',#706,#706,#142,.T.);
#899=EDGE_CURVE('',#706,#705,#453,.T.);
#900=EDGE_CURVE('',#707,#707,#143,.T.);
#901=EDGE_CURVE('',#707,#708,#144,.T.);
#902=EDGE_CURVE('',#708,#709,#145,.T.);
#903=EDGE_CURVE('',#709,#708,#146,.T.);
#904=EDGE_CURVE('',#710,#710,#147,.T.);
#905=EDGE_CURVE('',#710,#709,#454,.T.);
#906=EDGE_CURVE('',#711,#711,#148,.T.);
#907=EDGE_CURVE('',#712,#712,#149,.T.);
#908=EDGE_CURVE('',#712,#711,#455,.T.);
#909=EDGE_CURVE('',#713,#714,#456,.T.);
#910=EDGE_CURVE('',#715,#713,#457,.T.);
#911=EDGE_CURVE('',#716,#715,#458,.T.);
#912=EDGE_CURVE('',#716,#714,#459,.T.);
#913=EDGE_CURVE('',#714,#717,#460,.T.);
#914=EDGE_CURVE('',#718,#716,#461,.T.);
#915=EDGE_CURVE('',#718,#717,#462,.T.);
#916=EDGE_CURVE('',#717,#719,#463,.T.);
#917=EDGE_CURVE('',#720,#718,#464,.T.);
#918=EDGE_CURVE('',#720,#719,#465,.T.);
#919=EDGE_CURVE('',#719,#713,#466,.T.);
#920=EDGE_CURVE('',#715,#720,#467,.T.);
#921=EDGE_CURVE('',#721,#721,#150,.T.);
#922=EDGE_CURVE('',#721,#722,#468,.T.);
#923=EDGE_CURVE('',#722,#722,#151,.T.);
#924=EDGE_CURVE('',#723,#723,#152,.T.);
#925=EDGE_CURVE('',#723,#724,#469,.T.);
#926=EDGE_CURVE('',#724,#724,#153,.T.);
#927=EDGE_CURVE('',#725,#725,#154,.T.);
#928=EDGE_CURVE('',#725,#726,#470,.T.);
#929=EDGE_CURVE('',#726,#726,#155,.T.);
#930=EDGE_CURVE('',#727,#727,#156,.T.);
#931=EDGE_CURVE('',#727,#728,#471,.T.);
#932=EDGE_CURVE('',#728,#728,#157,.T.);
#933=EDGE_CURVE('',#729,#729,#158,.T.);
#934=EDGE_CURVE('',#729,#730,#472,.T.);
#935=EDGE_CURVE('',#730,#730,#159,.T.);
#936=EDGE_CURVE('',#731,#731,#160,.T.);
#937=EDGE_CURVE('',#731,#732,#473,.T.);
#938=EDGE_CURVE('',#732,#732,#161,.T.);
#939=ORIENTED_EDGE('',*,*,#733,.T.);
#940=ORIENTED_EDGE('',*,*,#734,.F.);
#941=ORIENTED_EDGE('',*,*,#735,.F.);
#942=ORIENTED_EDGE('',*,*,#736,.F.);
#943=ORIENTED_EDGE('',*,*,#735,.T.);
#944=ORIENTED_EDGE('',*,*,#737,.F.);
#945=ORIENTED_EDGE('',*,*,#738,.F.);
#946=ORIENTED_EDGE('',*,*,#739,.F.);
#947=ORIENTED_EDGE('',*,*,#733,.F.);
#948=ORIENTED_EDGE('',*,*,#740,.F.);
#949=ORIENTED_EDGE('',*,*,#741,.T.);
#950=ORIENTED_EDGE('',*,*,#742,.F.);
#951=ORIENTED_EDGE('',*,*,#743,.F.);
#952=ORIENTED_EDGE('',*,*,#744,.T.);
#953=ORIENTED_EDGE('',*,*,#745,.F.);
#954=ORIENTED_EDGE('',*,*,#746,.F.);
#955=ORIENTED_EDGE('',*,*,#747,.F.);
#956=ORIENTED_EDGE('',*,*,#746,.T.);
#957=ORIENTED_EDGE('',*,*,#748,.F.);
#958=ORIENTED_EDGE('',*,*,#749,.F.);
#959=ORIENTED_EDGE('',*,*,#750,.F.);
#960=ORIENTED_EDGE('',*,*,#749,.T.);
#961=ORIENTED_EDGE('',*,*,#751,.F.);
#962=ORIENTED_EDGE('',*,*,#752,.F.);
#963=ORIENTED_EDGE('',*,*,#753,.F.);
#964=ORIENTED_EDGE('',*,*,#752,.T.);
#965=ORIENTED_EDGE('',*,*,#754,.F.);
#966=ORIENTED_EDGE('',*,*,#744,.F.);
#967=ORIENTED_EDGE('',*,*,#755,.F.);
#968=ORIENTED_EDGE('',*,*,#756,.F.);
#969=ORIENTED_EDGE('',*,*,#757,.F.);
#970=ORIENTED_EDGE('',*,*,#758,.T.);
#971=ORIENTED_EDGE('',*,*,#759,.F.);
#972=ORIENTED_EDGE('',*,*,#760,.F.);
#973=ORIENTED_EDGE('',*,*,#761,.F.);
#974=ORIENTED_EDGE('',*,*,#762,.F.);
#975=ORIENTED_EDGE('',*,*,#756,.T.);
#976=ORIENTED_EDGE('',*,*,#763,.F.);
#977=ORIENTED_EDGE('',*,*,#764,.F.);
#978=ORIENTED_EDGE('',*,*,#758,.F.);
#979=ORIENTED_EDGE('',*,*,#765,.F.);
#980=ORIENTED_EDGE('',*,*,#766,.F.);
#981=ORIENTED_EDGE('',*,*,#767,.T.);
#982=ORIENTED_EDGE('',*,*,#768,.F.);
#983=ORIENTED_EDGE('',*,*,#769,.F.);
#984=ORIENTED_EDGE('',*,*,#767,.F.);
#985=ORIENTED_EDGE('',*,*,#770,.F.);
#986=ORIENTED_EDGE('',*,*,#760,.T.);
#987=ORIENTED_EDGE('',*,*,#771,.F.);
#988=ORIENTED_EDGE('',*,*,#772,.T.);
#989=ORIENTED_EDGE('',*,*,#773,.F.);
#990=ORIENTED_EDGE('',*,*,#774,.F.);
#991=ORIENTED_EDGE('',*,*,#775,.F.);
#992=ORIENTED_EDGE('',*,*,#774,.T.);
#993=ORIENTED_EDGE('',*,*,#776,.F.);
#994=ORIENTED_EDGE('',*,*,#777,.F.);
#995=ORIENTED_EDGE('',*,*,#778,.F.);
#996=ORIENTED_EDGE('',*,*,#777,.T.);
#997=ORIENTED_EDGE('',*,*,#779,.F.);
#998=ORIENTED_EDGE('',*,*,#780,.F.);
#999=ORIENTED_EDGE('',*,*,#781,.F.);
#1000=ORIENTED_EDGE('',*,*,#780,.T.);
#1001=ORIENTED_EDGE('',*,*,#782,.F.);
#1002=ORIENTED_EDGE('',*,*,#772,.F.);
#1003=ORIENTED_EDGE('',*,*,#783,.F.);
#1004=ORIENTED_EDGE('',*,*,#784,.T.);
#1005=ORIENTED_EDGE('',*,*,#785,.F.);
#1006=ORIENTED_EDGE('',*,*,#786,.F.);
#1007=ORIENTED_EDGE('',*,*,#787,.F.);
#1008=ORIENTED_EDGE('',*,*,#786,.T.);
#1009=ORIENTED_EDGE('',*,*,#788,.F.);
#1010=ORIENTED_EDGE('',*,*,#789,.F.);
#1011=ORIENTED_EDGE('',*,*,#790,.F.);
#1012=ORIENTED_EDGE('',*,*,#789,.T.);
#1013=ORIENTED_EDGE('',*,*,#791,.F.);
#1014=ORIENTED_EDGE('',*,*,#792,.F.);
#1015=ORIENTED_EDGE('',*,*,#793,.F.);
#1016=ORIENTED_EDGE('',*,*,#792,.T.);
#1017=ORIENTED_EDGE('',*,*,#794,.F.);
#1018=ORIENTED_EDGE('',*,*,#784,.F.);
#1019=ORIENTED_EDGE('',*,*,#795,.F.);
#1020=ORIENTED_EDGE('',*,*,#796,.T.);
#1021=ORIENTED_EDGE('',*,*,#797,.F.);
#1022=ORIENTED_EDGE('',*,*,#798,.F.);
#1023=ORIENTED_EDGE('',*,*,#799,.F.);
#1024=ORIENTED_EDGE('',*,*,#798,.T.);
#1025=ORIENTED_EDGE('',*,*,#800,.F.);
#1026=ORIENTED_EDGE('',*,*,#801,.F.);
#1027=ORIENTED_EDGE('',*,*,#802,.F.);
#1028=ORIENTED_EDGE('',*,*,#801,.T.);
#1029=ORIENTED_EDGE('',*,*,#803,.F.);
#1030=ORIENTED_EDGE('',*,*,#804,.F.);
#1031=ORIENTED_EDGE('',*,*,#805,.F.);
#1032=ORIENTED_EDGE('',*,*,#804,.T.);
#1033=ORIENTED_EDGE('',*,*,#806,.F.);
#1034=ORIENTED_EDGE('',*,*,#796,.F.);
#1035=ORIENTED_EDGE('',*,*,#807,.F.);
#1036=ORIENTED_EDGE('',*,*,#808,.T.);
#1037=ORIENTED_EDGE('',*,*,#809,.F.);
#1038=ORIENTED_EDGE('',*,*,#810,.F.);
#1039=ORIENTED_EDGE('',*,*,#811,.F.);
#1040=ORIENTED_EDGE('',*,*,#810,.T.);
#1041=ORIENTED_EDGE('',*,*,#812,.F.);
#1042=ORIENTED_EDGE('',*,*,#813,.F.);
#1043=ORIENTED_EDGE('',*,*,#814,.F.);
#1044=ORIENTED_EDGE('',*,*,#813,.T.);
#1045=ORIENTED_EDGE('',*,*,#815,.F.);
#1046=ORIENTED_EDGE('',*,*,#816,.F.);
#1047=ORIENTED_EDGE('',*,*,#817,.F.);
#1048=ORIENTED_EDGE('',*,*,#816,.T.);
#1049=ORIENTED_EDGE('',*,*,#818,.F.);
#1050=ORIENTED_EDGE('',*,*,#808,.F.);
#1051=ORIENTED_EDGE('',*,*,#819,.F.);
#1052=ORIENTED_EDGE('',*,*,#820,.T.);
#1053=ORIENTED_EDGE('',*,*,#821,.F.);
#1054=ORIENTED_EDGE('',*,*,#822,.F.);
#1055=ORIENTED_EDGE('',*,*,#823,.F.);
#1056=ORIENTED_EDGE('',*,*,#822,.T.);
#1057=ORIENTED_EDGE('',*,*,#824,.F.);
#1058=ORIENTED_EDGE('',*,*,#825,.F.);
#1059=ORIENTED_EDGE('',*,*,#826,.F.);
#1060=ORIENTED_EDGE('',*,*,#825,.T.);
#1061=ORIENTED_EDGE('',*,*,#827,.F.);
#1062=ORIENTED_EDGE('',*,*,#828,.F.);
#1063=ORIENTED_EDGE('',*,*,#829,.F.);
#1064=ORIENTED_EDGE('',*,*,#828,.T.);
#1065=ORIENTED_EDGE('',*,*,#830,.F.);
#1066=ORIENTED_EDGE('',*,*,#820,.F.);
#1067=ORIENTED_EDGE('',*,*,#831,.F.);
#1068=ORIENTED_EDGE('',*,*,#832,.T.);
#1069=ORIENTED_EDGE('',*,*,#833,.F.);
#1070=ORIENTED_EDGE('',*,*,#834,.F.);
#1071=ORIENTED_EDGE('',*,*,#835,.F.);
#1072=ORIENTED_EDGE('',*,*,#834,.T.);
#1073=ORIENTED_EDGE('',*,*,#836,.F.);
#1074=ORIENTED_EDGE('',*,*,#837,.F.);
#1075=ORIENTED_EDGE('',*,*,#838,.F.);
#1076=ORIENTED_EDGE('',*,*,#837,.T.);
#1077=ORIENTED_EDGE('',*,*,#839,.F.);
#1078=ORIENTED_EDGE('',*,*,#840,.F.);
#1079=ORIENTED_EDGE('',*,*,#841,.F.);
#1080=ORIENTED_EDGE('',*,*,#840,.T.);
#1081=ORIENTED_EDGE('',*,*,#842,.F.);
#1082=ORIENTED_EDGE('',*,*,#832,.F.);
#1083=ORIENTED_EDGE('',*,*,#843,.F.);
#1084=ORIENTED_EDGE('',*,*,#844,.T.);
#1085=ORIENTED_EDGE('',*,*,#845,.F.);
#1086=ORIENTED_EDGE('',*,*,#846,.F.);
#1087=ORIENTED_EDGE('',*,*,#847,.F.);
#1088=ORIENTED_EDGE('',*,*,#846,.T.);
#1089=ORIENTED_EDGE('',*,*,#848,.F.);
#1090=ORIENTED_EDGE('',*,*,#849,.F.);
#1091=ORIENTED_EDGE('',*,*,#850,.F.);
#1092=ORIENTED_EDGE('',*,*,#849,.T.);
#1093=ORIENTED_EDGE('',*,*,#851,.F.);
#1094=ORIENTED_EDGE('',*,*,#852,.F.);
#1095=ORIENTED_EDGE('',*,*,#853,.F.);
#1096=ORIENTED_EDGE('',*,*,#852,.T.);
#1097=ORIENTED_EDGE('',*,*,#854,.F.);
#1098=ORIENTED_EDGE('',*,*,#844,.F.);
#1099=ORIENTED_EDGE('',*,*,#855,.F.);
#1100=ORIENTED_EDGE('',*,*,#856,.T.);
#1101=ORIENTED_EDGE('',*,*,#857,.F.);
#1102=ORIENTED_EDGE('',*,*,#858,.F.);
#1103=ORIENTED_EDGE('',*,*,#859,.F.);
#1104=ORIENTED_EDGE('',*,*,#858,.T.);
#1105=ORIENTED_EDGE('',*,*,#860,.F.);
#1106=ORIENTED_EDGE('',*,*,#861,.F.);
#1107=ORIENTED_EDGE('',*,*,#862,.F.);
#1108=ORIENTED_EDGE('',*,*,#861,.T.);
#1109=ORIENTED_EDGE('',*,*,#863,.F.);
#1110=ORIENTED_EDGE('',*,*,#864,.F.);
#1111=ORIENTED_EDGE('',*,*,#865,.F.);
#1112=ORIENTED_EDGE('',*,*,#864,.T.);
#1113=ORIENTED_EDGE('',*,*,#866,.F.);
#1114=ORIENTED_EDGE('',*,*,#856,.F.);
#1115=ORIENTED_EDGE('',*,*,#867,.F.);
#1116=ORIENTED_EDGE('',*,*,#868,.T.);
#1117=ORIENTED_EDGE('',*,*,#869,.F.);
#1118=ORIENTED_EDGE('',*,*,#870,.F.);
#1119=ORIENTED_EDGE('',*,*,#871,.F.);
#1120=ORIENTED_EDGE('',*,*,#870,.T.);
#1121=ORIENTED_EDGE('',*,*,#872,.F.);
#1122=ORIENTED_EDGE('',*,*,#873,.F.);
#1123=ORIENTED_EDGE('',*,*,#874,.F.);
#1124=ORIENTED_EDGE('',*,*,#873,.T.);
#1125=ORIENTED_EDGE('',*,*,#875,.F.);
#1126=ORIENTED_EDGE('',*,*,#876,.F.);
#1127=ORIENTED_EDGE('',*,*,#877,.F.);
#1128=ORIENTED_EDGE('',*,*,#876,.T.);
#1129=ORIENTED_EDGE('',*,*,#878,.F.);
#1130=ORIENTED_EDGE('',*,*,#868,.F.);
#1131=ORIENTED_EDGE('',*,*,#879,.F.);
#1132=ORIENTED_EDGE('',*,*,#738,.T.);
#1133=ORIENTED_EDGE('',*,*,#880,.F.);
#1134=ORIENTED_EDGE('',*,*,#741,.F.);
#1135=ORIENTED_EDGE('',*,*,#881,.T.);
#1136=ORIENTED_EDGE('',*,*,#882,.T.);
#1137=ORIENTED_EDGE('',*,*,#883,.T.);
#1138=ORIENTED_EDGE('',*,*,#882,.F.);
#1139=ORIENTED_EDGE('',*,*,#881,.F.);
#1140=ORIENTED_EDGE('',*,*,#884,.F.);
#1141=ORIENTED_EDGE('',*,*,#885,.F.);
#1142=ORIENTED_EDGE('',*,*,#886,.T.);
#1143=ORIENTED_EDGE('',*,*,#761,.T.);
#1144=ORIENTED_EDGE('',*,*,#770,.T.);
#1145=ORIENTED_EDGE('',*,*,#766,.T.);
#1146=ORIENTED_EDGE('',*,*,#887,.T.);
#1147=ORIENTED_EDGE('',*,*,#883,.F.);
#1148=ORIENTED_EDGE('',*,*,#887,.F.);
#1149=ORIENTED_EDGE('',*,*,#765,.T.);
#1150=ORIENTED_EDGE('',*,*,#757,.T.);
#1151=ORIENTED_EDGE('',*,*,#762,.T.);
#1152=ORIENTED_EDGE('',*,*,#886,.F.);
#1153=ORIENTED_EDGE('',*,*,#750,.T.);
#1154=ORIENTED_EDGE('',*,*,#753,.T.);
#1155=ORIENTED_EDGE('',*,*,#743,.T.);
#1156=ORIENTED_EDGE('',*,*,#747,.T.);
#1157=ORIENTED_EDGE('',*,*,#778,.T.);
#1158=ORIENTED_EDGE('',*,*,#781,.T.);
#1159=ORIENTED_EDGE('',*,*,#771,.T.);
#1160=ORIENTED_EDGE('',*,*,#775,.T.);
#1161=ORIENTED_EDGE('',*,*,#790,.T.);
#1162=ORIENTED_EDGE('',*,*,#793,.T.);
#1163=ORIENTED_EDGE('',*,*,#783,.T.);
#1164=ORIENTED_EDGE('',*,*,#787,.T.);
#1165=ORIENTED_EDGE('',*,*,#802,.T.);
#1166=ORIENTED_EDGE('',*,*,#805,.T.);
#1167=ORIENTED_EDGE('',*,*,#795,.T.);
#1168=ORIENTED_EDGE('',*,*,#799,.T.);
#1169=ORIENTED_EDGE('',*,*,#814,.T.);
#1170=ORIENTED_EDGE('',*,*,#817,.T.);
#1171=ORIENTED_EDGE('',*,*,#807,.T.);
#1172=ORIENTED_EDGE('',*,*,#811,.T.);
#1173=ORIENTED_EDGE('',*,*,#826,.T.);
#1174=ORIENTED_EDGE('',*,*,#829,.T.);
#1175=ORIENTED_EDGE('',*,*,#819,.T.);
#1176=ORIENTED_EDGE('',*,*,#823,.T.);
#1177=ORIENTED_EDGE('',*,*,#838,.T.);
#1178=ORIENTED_EDGE('',*,*,#841,.T.);
#1179=ORIENTED_EDGE('',*,*,#831,.T.);
#1180=ORIENTED_EDGE('',*,*,#835,.T.);
#1181=ORIENTED_EDGE('',*,*,#850,.T.);
#1182=ORIENTED_EDGE('',*,*,#853,.T.);
#1183=ORIENTED_EDGE('',*,*,#843,.T.);
#1184=ORIENTED_EDGE('',*,*,#847,.T.);
#1185=ORIENTED_EDGE('',*,*,#862,.T.);
#1186=ORIENTED_EDGE('',*,*,#865,.T.);
#1187=ORIENTED_EDGE('',*,*,#855,.T.);
#1188=ORIENTED_EDGE('',*,*,#859,.T.);
#1189=ORIENTED_EDGE('',*,*,#874,.T.);
#1190=ORIENTED_EDGE('',*,*,#877,.T.);
#1191=ORIENTED_EDGE('',*,*,#867,.T.);
#1192=ORIENTED_EDGE('',*,*,#871,.T.);
#1193=ORIENTED_EDGE('',*,*,#739,.T.);
#1194=ORIENTED_EDGE('',*,*,#879,.T.);
#1195=ORIENTED_EDGE('',*,*,#740,.T.);
#1196=ORIENTED_EDGE('',*,*,#736,.T.);
#1197=ORIENTED_EDGE('',*,*,#885,.T.);
#1198=ORIENTED_EDGE('',*,*,#888,.T.);
#1199=ORIENTED_EDGE('',*,*,#888,.F.);
#1200=ORIENTED_EDGE('',*,*,#889,.T.);
#1201=ORIENTED_EDGE('',*,*,#763,.T.);
#1202=ORIENTED_EDGE('',*,*,#755,.T.);
#1203=ORIENTED_EDGE('',*,*,#764,.T.);
#1204=ORIENTED_EDGE('',*,*,#890,.T.);
#1205=ORIENTED_EDGE('',*,*,#891,.F.);
#1206=ORIENTED_EDGE('',*,*,#890,.F.);
#1207=ORIENTED_EDGE('',*,*,#768,.T.);
#1208=ORIENTED_EDGE('',*,*,#769,.T.);
#1209=ORIENTED_EDGE('',*,*,#759,.T.);
#1210=ORIENTED_EDGE('',*,*,#889,.F.);
#1211=ORIENTED_EDGE('',*,*,#742,.T.);
#1212=ORIENTED_EDGE('',*,*,#880,.T.);
#1213=ORIENTED_EDGE('',*,*,#737,.T.);
#1214=ORIENTED_EDGE('',*,*,#734,.T.);
#1215=ORIENTED_EDGE('',*,*,#751,.T.);
#1216=ORIENTED_EDGE('',*,*,#748,.T.);
#1217=ORIENTED_EDGE('',*,*,#745,.T.);
#1218=ORIENTED_EDGE('',*,*,#754,.T.);
#1219=ORIENTED_EDGE('',*,*,#779,.T.);
#1220=ORIENTED_EDGE('',*,*,#776,.T.);
#1221=ORIENTED_EDGE('',*,*,#773,.T.);
#1222=ORIENTED_EDGE('',*,*,#782,.T.);
#1223=ORIENTED_EDGE('',*,*,#791,.T.);
#1224=ORIENTED_EDGE('',*,*,#788,.T.);
#1225=ORIENTED_EDGE('',*,*,#785,.T.);
#1226=ORIENTED_EDGE('',*,*,#794,.T.);
#1227=ORIENTED_EDGE('',*,*,#803,.T.);
#1228=ORIENTED_EDGE('',*,*,#800,.T.);
#1229=ORIENTED_EDGE('',*,*,#797,.T.);
#1230=ORIENTED_EDGE('',*,*,#806,.T.);
#1231=ORIENTED_EDGE('',*,*,#815,.T.);
#1232=ORIENTED_EDGE('',*,*,#812,.T.);
#1233=ORIENTED_EDGE('',*,*,#809,.T.);
#1234=ORIENTED_EDGE('',*,*,#818,.T.);
#1235=ORIENTED_EDGE('',*,*,#827,.T.);
#1236=ORIENTED_EDGE('',*,*,#824,.T.);
#1237=ORIENTED_EDGE('',*,*,#821,.T.);
#1238=ORIENTED_EDGE('',*,*,#830,.T.);
#1239=ORIENTED_EDGE('',*,*,#839,.T.);
#1240=ORIENTED_EDGE('',*,*,#836,.T.);
#1241=ORIENTED_EDGE('',*,*,#833,.T.);
#1242=ORIENTED_EDGE('',*,*,#842,.T.);
#1243=ORIENTED_EDGE('',*,*,#851,.T.);
#1244=ORIENTED_EDGE('',*,*,#848,.T.);
#1245=ORIENTED_EDGE('',*,*,#845,.T.);
#1246=ORIENTED_EDGE('',*,*,#854,.T.);
#1247=ORIENTED_EDGE('',*,*,#863,.T.);
#1248=ORIENTED_EDGE('',*,*,#860,.T.);
#1249=ORIENTED_EDGE('',*,*,#857,.T.);
#1250=ORIENTED_EDGE('',*,*,#866,.T.);
#1251=ORIENTED_EDGE('',*,*,#875,.T.);
#1252=ORIENTED_EDGE('',*,*,#872,.T.);
#1253=ORIENTED_EDGE('',*,*,#869,.T.);
#1254=ORIENTED_EDGE('',*,*,#878,.T.);
#1255=ORIENTED_EDGE('',*,*,#892,.T.);
#1256=ORIENTED_EDGE('',*,*,#893,.T.);
#1257=ORIENTED_EDGE('',*,*,#884,.T.);
#1258=ORIENTED_EDGE('',*,*,#893,.F.);
#1259=ORIENTED_EDGE('',*,*,#894,.T.);
#1260=ORIENTED_EDGE('',*,*,#895,.F.);
#1261=ORIENTED_EDGE('',*,*,#896,.T.);
#1262=ORIENTED_EDGE('',*,*,#894,.F.);
#1263=ORIENTED_EDGE('',*,*,#892,.F.);
#1264=ORIENTED_EDGE('',*,*,#896,.F.);
#1265=ORIENTED_EDGE('',*,*,#895,.T.);
#1266=ORIENTED_EDGE('',*,*,#897,.T.);
#1267=ORIENTED_EDGE('',*,*,#898,.F.);
#1268=ORIENTED_EDGE('',*,*,#899,.T.);
#1269=ORIENTED_EDGE('',*,*,#897,.F.);
#1270=ORIENTED_EDGE('',*,*,#899,.F.);
#1271=ORIENTED_EDGE('',*,*,#891,.T.);
#1272=ORIENTED_EDGE('',*,*,#898,.T.);
#1273=ORIENTED_EDGE('',*,*,#900,.T.);
#1274=ORIENTED_EDGE('',*,*,#901,.T.);
#1275=ORIENTED_EDGE('',*,*,#902,.T.);
#1276=ORIENTED_EDGE('',*,*,#903,.T.);
#1277=ORIENTED_EDGE('',*,*,#901,.F.);
#1278=ORIENTED_EDGE('',*,*,#904,.F.);
#1279=ORIENTED_EDGE('',*,*,#905,.T.);
#1280=ORIENTED_EDGE('',*,*,#902,.F.);
#1281=ORIENTED_EDGE('',*,*,#903,.F.);
#1282=ORIENTED_EDGE('',*,*,#905,.F.);
#1283=ORIENTED_EDGE('',*,*,#900,.F.);
#1284=ORIENTED_EDGE('',*,*,#906,.T.);
#1285=ORIENTED_EDGE('',*,*,#907,.F.);
#1286=ORIENTED_EDGE('',*,*,#908,.T.);
#1287=ORIENTED_EDGE('',*,*,#906,.F.);
#1288=ORIENTED_EDGE('',*,*,#908,.F.);
#1289=ORIENTED_EDGE('',*,*,#904,.T.);
#1290=ORIENTED_EDGE('',*,*,#907,.T.);
#1291=ORIENTED_EDGE('',*,*,#909,.F.);
#1292=ORIENTED_EDGE('',*,*,#910,.F.);
#1293=ORIENTED_EDGE('',*,*,#911,.F.);
#1294=ORIENTED_EDGE('',*,*,#912,.T.);
#1295=ORIENTED_EDGE('',*,*,#913,.F.);
#1296=ORIENTED_EDGE('',*,*,#912,.F.);
#1297=ORIENTED_EDGE('',*,*,#914,.F.);
#1298=ORIENTED_EDGE('',*,*,#915,.T.);
#1299=ORIENTED_EDGE('',*,*,#916,.F.);
#1300=ORIENTED_EDGE('',*,*,#915,.F.);
#1301=ORIENTED_EDGE('',*,*,#917,.F.);
#1302=ORIENTED_EDGE('',*,*,#918,.T.);
#1303=ORIENTED_EDGE('',*,*,#919,.F.);
#1304=ORIENTED_EDGE('',*,*,#918,.F.);
#1305=ORIENTED_EDGE('',*,*,#920,.F.);
#1306=ORIENTED_EDGE('',*,*,#910,.T.);
#1307=ORIENTED_EDGE('',*,*,#921,.F.);
#1308=ORIENTED_EDGE('',*,*,#922,.T.);
#1309=ORIENTED_EDGE('',*,*,#923,.F.);
#1310=ORIENTED_EDGE('',*,*,#922,.F.);
#1311=ORIENTED_EDGE('',*,*,#924,.F.);
#1312=ORIENTED_EDGE('',*,*,#925,.T.);
#1313=ORIENTED_EDGE('',*,*,#926,.F.);
#1314=ORIENTED_EDGE('',*,*,#925,.F.);
#1315=ORIENTED_EDGE('',*,*,#927,.F.);
#1316=ORIENTED_EDGE('',*,*,#928,.T.);
#1317=ORIENTED_EDGE('',*,*,#929,.F.);
#1318=ORIENTED_EDGE('',*,*,#928,.F.);
#1319=ORIENTED_EDGE('',*,*,#930,.F.);
#1320=ORIENTED_EDGE('',*,*,#931,.T.);
#1321=ORIENTED_EDGE('',*,*,#932,.F.);
#1322=ORIENTED_EDGE('',*,*,#931,.F.);
#1323=ORIENTED_EDGE('',*,*,#933,.F.);
#1324=ORIENTED_EDGE('',*,*,#934,.T.);
#1325=ORIENTED_EDGE('',*,*,#935,.F.);
#1326=ORIENTED_EDGE('',*,*,#934,.F.);
#1327=ORIENTED_EDGE('',*,*,#936,.F.);
#1328=ORIENTED_EDGE('',*,*,#937,.T.);
#1329=ORIENTED_EDGE('',*,*,#938,.F.);
#1330=ORIENTED_EDGE('',*,*,#937,.F.);
#1331=ORIENTED_EDGE('',*,*,#938,.T.);
#1332=ORIENTED_EDGE('',*,*,#917,.T.);
#1333=ORIENTED_EDGE('',*,*,#914,.T.);
#1334=ORIENTED_EDGE('',*,*,#911,.T.);
#1335=ORIENTED_EDGE('',*,*,#920,.T.);
#1336=ORIENTED_EDGE('',*,*,#921,.T.);
#1337=ORIENTED_EDGE('',*,*,#924,.T.);
#1338=ORIENTED_EDGE('',*,*,#927,.T.);
#1339=ORIENTED_EDGE('',*,*,#930,.T.);
#1340=ORIENTED_EDGE('',*,*,#933,.T.);
#1341=ORIENTED_EDGE('',*,*,#936,.T.);
#1342=ORIENTED_EDGE('',*,*,#916,.T.);
#1343=ORIENTED_EDGE('',*,*,#919,.T.);
#1344=ORIENTED_EDGE('',*,*,#909,.T.);
#1345=ORIENTED_EDGE('',*,*,#913,.T.);
#1346=ORIENTED_EDGE('',*,*,#923,.T.);
#1347=ORIENTED_EDGE('',*,*,#926,.T.);
#1348=ORIENTED_EDGE('',*,*,#929,.T.);
#1349=ORIENTED_EDGE('',*,*,#932,.T.);
#1350=ORIENTED_EDGE('',*,*,#935,.T.);
#1351=PLANE('',#1503);
#1352=PLANE('',#1504);
#1353=PLANE('',#1507);
#1354=PLANE('',#1510);
#1355=PLANE('',#1513);
#1356=PLANE('',#1514);
#1357=PLANE('',#1517);
#1358=PLANE('',#1518);
#1359=PLANE('',#1519);
#1360=PLANE('',#1524);
#1361=PLANE('',#1529);
#1362=PLANE('',#1530);
#1363=PLANE('',#1533);
#1364=PLANE('',#1534);
#1365=PLANE('',#1537);
#1366=PLANE('',#1538);
#1367=PLANE('',#1541);
#1368=PLANE('',#1542);
#1369=PLANE('',#1545);
#1370=PLANE('',#1546);
#1371=PLANE('',#1549);
#1372=PLANE('',#1550);
#1373=PLANE('',#1553);
#1374=PLANE('',#1554);
#1375=PLANE('',#1557);
#1376=PLANE('',#1558);
#1377=PLANE('',#1561);
#1378=PLANE('',#1562);
#1379=PLANE('',#1565);
#1380=PLANE('',#1566);
#1381=PLANE('',#1569);
#1382=PLANE('',#1570);
#1383=PLANE('',#1573);
#1384=PLANE('',#1574);
#1385=PLANE('',#1577);
#1386=PLANE('',#1578);
#1387=PLANE('',#1579);
#1388=PLANE('',#1582);
#1389=PLANE('',#1583);
#1390=PLANE('',#1586);
#1391=PLANE('',#1589);
#1392=PLANE('',#1590);
#1393=PLANE('',#1593);
#1394=PLANE('',#1594);
#1395=PLANE('',#1597);
#1396=PLANE('',#1598);
#1397=PLANE('',#1601);
#1398=PLANE('',#1602);
#1399=PLANE('',#1607);
#1400=PLANE('',#1611);
#1401=PLANE('',#1621);
#1402=PLANE('',#1625);
#1403=PLANE('',#1633);
#1404=PLANE('',#1637);
#1405=PLANE('',#1638);
#1406=PLANE('',#1639);
#1407=PLANE('',#1640);
#1408=PLANE('',#1641);
#1409=PLANE('',#1660);
#1410=PLANE('',#1661);
#1411=ADVANCED_FACE('',(#162),#1351,.F.);
#1412=ADVANCED_FACE('',(#163),#1352,.F.);
#1413=ADVANCED_FACE('',(#164),#1353,.F.);
#1414=ADVANCED_FACE('',(#165),#1354,.F.);
#1415=ADVANCED_FACE('',(#166),#1355,.F.);
#1416=ADVANCED_FACE('',(#167),#1356,.F.);
#1417=ADVANCED_FACE('',(#168),#1357,.F.);
#1418=ADVANCED_FACE('',(#169),#1358,.F.);
#1419=ADVANCED_FACE('',(#170),#1359,.F.);
#1420=ADVANCED_FACE('',(#171),#1360,.F.);
#1421=ADVANCED_FACE('',(#172),#1361,.F.);
#1422=ADVANCED_FACE('',(#173),#1362,.F.);
#1423=ADVANCED_FACE('',(#174),#1363,.F.);
#1424=ADVANCED_FACE('',(#175),#1364,.F.);
#1425=ADVANCED_FACE('',(#176),#1365,.F.);
#1426=ADVANCED_FACE('',(#177),#1366,.F.);
#1427=ADVANCED_FACE('',(#178),#1367,.F.);
#1428=ADVANCED_FACE('',(#179),#1368,.F.);
#1429=ADVANCED_FACE('',(#180),#1369,.F.);
#1430=ADVANCED_FACE('',(#181),#1370,.F.);
#1431=ADVANCED_FACE('',(#182),#1371,.F.);
#1432=ADVANCED_FACE('',(#183),#1372,.F.);
#1433=ADVANCED_FACE('',(#184),#1373,.F.);
#1434=ADVANCED_FACE('',(#185),#1374,.F.);
#1435=ADVANCED_FACE('',(#186),#1375,.F.);
#1436=ADVANCED_FACE('',(#187),#1376,.F.);
#1437=ADVANCED_FACE('',(#188),#1377,.F.);
#1438=ADVANCED_FACE('',(#189),#1378,.F.);
#1439=ADVANCED_FACE('',(#190),#1379,.F.);
#1440=ADVANCED_FACE('',(#191),#1380,.F.);
#1441=ADVANCED_FACE('',(#192),#1381,.F.);
#1442=ADVANCED_FACE('',(#193),#1382,.F.);
#1443=ADVANCED_FACE('',(#194),#1383,.F.);
#1444=ADVANCED_FACE('',(#195),#1384,.F.);
#1445=ADVANCED_FACE('',(#196),#1385,.F.);
#1446=ADVANCED_FACE('',(#197),#1386,.F.);
#1447=ADVANCED_FACE('',(#198),#1387,.F.);
#1448=ADVANCED_FACE('',(#199),#1388,.F.);
#1449=ADVANCED_FACE('',(#200),#1389,.F.);
#1450=ADVANCED_FACE('',(#201),#1390,.F.);
#1451=ADVANCED_FACE('',(#202),#1391,.F.);
#1452=ADVANCED_FACE('',(#203),#1392,.F.);
#1453=ADVANCED_FACE('',(#204),#1393,.F.);
#1454=ADVANCED_FACE('',(#205),#1394,.F.);
#1455=ADVANCED_FACE('',(#206),#1395,.F.);
#1456=ADVANCED_FACE('',(#207),#1396,.F.);
#1457=ADVANCED_FACE('',(#208),#1397,.F.);
#1458=ADVANCED_FACE('',(#209),#1398,.F.);
#1459=ADVANCED_FACE('',(#210),#75,.T.);
#1460=ADVANCED_FACE('',(#211,#35),#1399,.T.);
#1461=ADVANCED_FACE('',(#212,#36,#37,#38,#39,#40,#41,#42,#43,#44,#45,#46),
#23,.T.);
#1462=ADVANCED_FACE('',(#213,#47),#1400,.T.);
#1463=ADVANCED_FACE('',(#214,#48,#49,#50,#51,#52,#53,#54,#55,#56,#57,#58),
#24,.F.);
#1464=ADVANCED_FACE('',(#215),#76,.F.);
#1465=ADVANCED_FACE('',(#216),#25,.T.);
#1466=ADVANCED_FACE('',(#217,#59),#1401,.T.);
#1467=ADVANCED_FACE('',(#218),#26,.F.);
#1468=ADVANCED_FACE('',(#219,#60),#1402,.F.);
#1469=ADVANCED_FACE('',(#220),#77,.T.);
#1470=ADVANCED_FACE('',(#221),#27,.T.);
#1471=ADVANCED_FACE('',(#222,#61),#1403,.T.);
#1472=ADVANCED_FACE('',(#223),#28,.F.);
#1473=ADVANCED_FACE('',(#224,#62),#1404,.F.);
#1474=ADVANCED_FACE('',(#225),#1405,.F.);
#1475=ADVANCED_FACE('',(#226),#1406,.F.);
#1476=ADVANCED_FACE('',(#227),#1407,.F.);
#1477=ADVANCED_FACE('',(#228),#1408,.F.);
#1478=ADVANCED_FACE('',(#229),#29,.F.);
#1479=ADVANCED_FACE('',(#230),#30,.F.);
#1480=ADVANCED_FACE('',(#231),#31,.F.);
#1481=ADVANCED_FACE('',(#232),#32,.F.);
#1482=ADVANCED_FACE('',(#233),#33,.F.);
#1483=ADVANCED_FACE('',(#234),#34,.T.);
#1484=ADVANCED_FACE('',(#235,#63,#64,#65,#66,#67,#68),#1409,.T.);
#1485=ADVANCED_FACE('',(#236,#69,#70,#71,#72,#73,#74),#1410,.F.);
#1486=CLOSED_SHELL('',(#1411,#1412,#1413,#1414,#1415,#1416,#1417,#1418,
#1419,#1420,#1421,#1422,#1423,#1424,#1425,#1426,#1427,#1428,#1429,#1430,
#1431,#1432,#1433,#1434,#1435,#1436,#1437,#1438,#1439,#1440,#1441,#1442,
#1443,#1444,#1445,#1446,#1447,#1448,#1449,#1450,#1451,#1452,#1453,#1454,
#1455,#1456,#1457,#1458,#1459,#1460,#1461,#1462,#1463,#1464,#1465,#1466,
#1467,#1468));
#1487=CLOSED_SHELL('',(#1469,#1470,#1471,#1472,#1473));
#1488=CLOSED_SHELL('',(#1474,#1475,#1476,#1477,#1478,#1479,#1480,#1481,
#1482,#1483,#1484,#1485));
#1489=DERIVED_UNIT_ELEMENT(#1491,1.);
#1490=DERIVED_UNIT_ELEMENT(#2537,-3.);
#1491=(
MASS_UNIT()
NAMED_UNIT(*)
SI_UNIT(.KILO.,.GRAM.)
);
#1492=DERIVED_UNIT((#1489,#1490));
#1493=MEASURE_REPRESENTATION_ITEM('density measure',
POSITIVE_RATIO_MEASURE(7850.),#1492);
#1494=PROPERTY_DEFINITION_REPRESENTATION(#1499,#1496);
#1495=PROPERTY_DEFINITION_REPRESENTATION(#1500,#1497);
#1496=REPRESENTATION('material name',(#1498),#2534);
#1497=REPRESENTATION('density',(#1493),#2534);
#1498=DESCRIPTIVE_REPRESENTATION_ITEM('Steel','Steel');
#1499=PROPERTY_DEFINITION('material property','material name',#2549);
#1500=PROPERTY_DEFINITION('material property','density of part',#2549);
#1501=AXIS2_PLACEMENT_3D('',#2109,#1663,#1664);
#1502=AXIS2_PLACEMENT_3D('',#2110,#1665,#1666);
#1503=AXIS2_PLACEMENT_3D('',#2111,#1667,#1668);
#1504=AXIS2_PLACEMENT_3D('',#2120,#1673,#1674);
#1505=AXIS2_PLACEMENT_3D('',#2122,#1675,#1676);
#1506=AXIS2_PLACEMENT_3D('',#2125,#1678,#1679);
#1507=AXIS2_PLACEMENT_3D('',#2126,#1680,#1681);
#1508=AXIS2_PLACEMENT_3D('',#2128,#1682,#1683);
#1509=AXIS2_PLACEMENT_3D('',#2131,#1685,#1686);
#1510=AXIS2_PLACEMENT_3D('',#2132,#1687,#1688);
#1511=AXIS2_PLACEMENT_3D('',#2135,#1689,#1690);
#1512=AXIS2_PLACEMENT_3D('',#2139,#1692,#1693);
#1513=AXIS2_PLACEMENT_3D('',#2141,#1695,#1696);
#1514=AXIS2_PLACEMENT_3D('',#2147,#1700,#1701);
#1515=AXIS2_PLACEMENT_3D('',#2149,#1702,#1703);
#1516=AXIS2_PLACEMENT_3D('',#2151,#1704,#1705);
#1517=AXIS2_PLACEMENT_3D('',#2153,#1707,#1708);
#1518=AXIS2_PLACEMENT_3D('',#2156,#1711,#1712);
#1519=AXIS2_PLACEMENT_3D('',#2165,#1717,#1718);
#1520=AXIS2_PLACEMENT_3D('',#2168,#1719,#1720);
#1521=AXIS2_PLACEMENT_3D('',#2172,#1722,#1723);
#1522=AXIS2_PLACEMENT_3D('',#2173,#1724,#1725);
#1523=AXIS2_PLACEMENT_3D('',#2174,#1726,#1727);
#1524=AXIS2_PLACEMENT_3D('',#2175,#1728,#1729);
#1525=AXIS2_PLACEMENT_3D('',#2177,#1730,#1731);
#1526=AXIS2_PLACEMENT_3D('',#2179,#1732,#1733);
#1527=AXIS2_PLACEMENT_3D('',#2181,#1734,#1735);
#1528=AXIS2_PLACEMENT_3D('',#2184,#1737,#1738);
#1529=AXIS2_PLACEMENT_3D('',#2185,#1739,#1740);
#1530=AXIS2_PLACEMENT_3D('',#2188,#1743,#1744);
#1531=AXIS2_PLACEMENT_3D('',#2191,#1745,#1746);
#1532=AXIS2_PLACEMENT_3D('',#2195,#1748,#1749);
#1533=AXIS2_PLACEMENT_3D('',#2197,#1751,#1752);
#1534=AXIS2_PLACEMENT_3D('',#2203,#1756,#1757);
#1535=AXIS2_PLACEMENT_3D('',#2205,#1758,#1759);
#1536=AXIS2_PLACEMENT_3D('',#2207,#1760,#1761);
#1537=AXIS2_PLACEMENT_3D('',#2209,#1763,#1764);
#1538=AXIS2_PLACEMENT_3D('',#2212,#1767,#1768);
#1539=AXIS2_PLACEMENT_3D('',#2215,#1769,#1770);
#1540=AXIS2_PLACEMENT_3D('',#2219,#1772,#1773);
#1541=AXIS2_PLACEMENT_3D('',#2221,#1775,#1776);
#1542=AXIS2_PLACEMENT_3D('',#2227,#1780,#1781);
#1543=AXIS2_PLACEMENT_3D('',#2229,#1782,#1783);
#1544=AXIS2_PLACEMENT_3D('',#2231,#1784,#1785);
#1545=AXIS2_PLACEMENT_3D('',#2233,#1787,#1788);
#1546=AXIS2_PLACEMENT_3D('',#2236,#1791,#1792);
#1547=AXIS2_PLACEMENT_3D('',#2239,#1793,#1794);
#1548=AXIS2_PLACEMENT_3D('',#2243,#1796,#1797);
#1549=AXIS2_PLACEMENT_3D('',#2245,#1799,#1800);
#1550=AXIS2_PLACEMENT_3D('',#2251,#1804,#1805);
#1551=AXIS2_PLACEMENT_3D('',#2253,#1806,#1807);
#1552=AXIS2_PLACEMENT_3D('',#2255,#1808,#1809);
#1553=AXIS2_PLACEMENT_3D('',#2257,#1811,#1812);
#1554=AXIS2_PLACEMENT_3D('',#2260,#1815,#1816);
#1555=AXIS2_PLACEMENT_3D('',#2263,#1817,#1818);
#1556=AXIS2_PLACEMENT_3D('',#2267,#1820,#1821);
#1557=AXIS2_PLACEMENT_3D('',#2269,#1823,#1824);
#1558=AXIS2_PLACEMENT_3D('',#2275,#1828,#1829);
#1559=AXIS2_PLACEMENT_3D('',#2277,#1830,#1831);
#1560=AXIS2_PLACEMENT_3D('',#2279,#1832,#1833);
#1561=AXIS2_PLACEMENT_3D('',#2281,#1835,#1836);
#1562=AXIS2_PLACEMENT_3D('',#2284,#1839,#1840);
#1563=AXIS2_PLACEMENT_3D('',#2287,#1841,#1842);
#1564=AXIS2_PLACEMENT_3D('',#2291,#1844,#1845);
#1565=AXIS2_PLACEMENT_3D('',#2293,#1847,#1848);
#1566=AXIS2_PLACEMENT_3D('',#2299,#1852,#1853);
#1567=AXIS2_PLACEMENT_3D('',#2301,#1854,#1855);
#1568=AXIS2_PLACEMENT_3D('',#2303,#1856,#1857);
#1569=AXIS2_PLACEMENT_3D('',#2305,#1859,#1860);
#1570=AXIS2_PLACEMENT_3D('',#2308,#1863,#1864);
#1571=AXIS2_PLACEMENT_3D('',#2311,#1865,#1866);
#1572=AXIS2_PLACEMENT_3D('',#2315,#1868,#1869);
#1573=AXIS2_PLACEMENT_3D('',#2317,#1871,#1872);
#1574=AXIS2_PLACEMENT_3D('',#2323,#1876,#1877);
#1575=AXIS2_PLACEMENT_3D('',#2325,#1878,#1879);
#1576=AXIS2_PLACEMENT_3D('',#2327,#1880,#1881);
#1577=AXIS2_PLACEMENT_3D('',#2329,#1883,#1884);
#1578=AXIS2_PLACEMENT_3D('',#2332,#1887,#1888);
#1579=AXIS2_PLACEMENT_3D('',#2341,#1893,#1894);
#1580=AXIS2_PLACEMENT_3D('',#2343,#1895,#1896);
#1581=AXIS2_PLACEMENT_3D('',#2345,#1897,#1898);
#1582=AXIS2_PLACEMENT_3D('',#2347,#1900,#1901);
#1583=AXIS2_PLACEMENT_3D('',#2353,#1905,#1906);
#1584=AXIS2_PLACEMENT_3D('',#2354,#1907,#1908);
#1585=AXIS2_PLACEMENT_3D('',#2355,#1909,#1910);
#1586=AXIS2_PLACEMENT_3D('',#2356,#1911,#1912);
#1587=AXIS2_PLACEMENT_3D('',#2359,#1913,#1914);
#1588=AXIS2_PLACEMENT_3D('',#2363,#1916,#1917);
#1589=AXIS2_PLACEMENT_3D('',#2365,#1919,#1920);
#1590=AXIS2_PLACEMENT_3D('',#2371,#1924,#1925);
#1591=AXIS2_PLACEMENT_3D('',#2373,#1926,#1927);
#1592=AXIS2_PLACEMENT_3D('',#2375,#1928,#1929);
#1593=AXIS2_PLACEMENT_3D('',#2377,#1931,#1932);
#1594=AXIS2_PLACEMENT_3D('',#2380,#1935,#1936);
#1595=AXIS2_PLACEMENT_3D('',#2383,#1937,#1938);
#1596=AXIS2_PLACEMENT_3D('',#2387,#1940,#1941);
#1597=AXIS2_PLACEMENT_3D('',#2389,#1943,#1944);
#1598=AXIS2_PLACEMENT_3D('',#2395,#1948,#1949);
#1599=AXIS2_PLACEMENT_3D('',#2397,#1950,#1951);
#1600=AXIS2_PLACEMENT_3D('',#2399,#1952,#1953);
#1601=AXIS2_PLACEMENT_3D('',#2401,#1955,#1956);
#1602=AXIS2_PLACEMENT_3D('',#2404,#1959,#1960);
#1603=AXIS2_PLACEMENT_3D('',#2407,#1963,#1964);
#1604=AXIS2_PLACEMENT_3D('',#2409,#1965,#1966);
#1605=AXIS2_PLACEMENT_3D('',#2411,#1967,#1968);
#1606=AXIS2_PLACEMENT_3D('',#2412,#1969,#1970);
#1607=AXIS2_PLACEMENT_3D('',#2413,#1971,#1972);
#1608=AXIS2_PLACEMENT_3D('',#2415,#1973,#1974);
#1609=AXIS2_PLACEMENT_3D('',#2416,#1975,#1976);
#1610=AXIS2_PLACEMENT_3D('',#2418,#1977,#1978);
#1611=AXIS2_PLACEMENT_3D('',#2421,#1981,#1982);
#1612=AXIS2_PLACEMENT_3D('',#2423,#1983,#1984);
#1613=AXIS2_PLACEMENT_3D('',#2424,#1985,#1986);
#1614=AXIS2_PLACEMENT_3D('',#2428,#1989,#1990);
#1615=AXIS2_PLACEMENT_3D('',#2429,#1991,#1992);
#1616=AXIS2_PLACEMENT_3D('',#2432,#1993,#1994);
#1617=AXIS2_PLACEMENT_3D('',#2433,#1995,#1996);
#1618=AXIS2_PLACEMENT_3D('',#2434,#1997,#1998);
#1619=AXIS2_PLACEMENT_3D('',#2435,#1999,#2000);
#1620=AXIS2_PLACEMENT_3D('',#2437,#2001,#2002);
#1621=AXIS2_PLACEMENT_3D('',#2439,#2004,#2005);
#1622=AXIS2_PLACEMENT_3D('',#2441,#2006,#2007);
#1623=AXIS2_PLACEMENT_3D('',#2442,#2008,#2009);
#1624=AXIS2_PLACEMENT_3D('',#2444,#2010,#2011);
#1625=AXIS2_PLACEMENT_3D('',#2446,#2013,#2014);
#1626=AXIS2_PLACEMENT_3D('',#2447,#2015,#2016);
#1627=AXIS2_PLACEMENT_3D('',#2449,#2017,#2018);
#1628=AXIS2_PLACEMENT_3D('',#2451,#2019,#2020);
#1629=AXIS2_PLACEMENT_3D('',#2453,#2021,#2022);
#1630=AXIS2_PLACEMENT_3D('',#2454,#2023,#2024);
#1631=AXIS2_PLACEMENT_3D('',#2455,#2025,#2026);
#1632=AXIS2_PLACEMENT_3D('',#2457,#2027,#2028);
#1633=AXIS2_PLACEMENT_3D('',#2459,#2030,#2031);
#1634=AXIS2_PLACEMENT_3D('',#2461,#2032,#2033);
#1635=AXIS2_PLACEMENT_3D('',#2462,#2034,#2035);
#1636=AXIS2_PLACEMENT_3D('',#2464,#2036,#2037);
#1637=AXIS2_PLACEMENT_3D('',#2466,#2039,#2040);
#1638=AXIS2_PLACEMENT_3D('',#2467,#2041,#2042);
#1639=AXIS2_PLACEMENT_3D('',#2476,#2047,#2048);
#1640=AXIS2_PLACEMENT_3D('',#2482,#2052,#2053);
#1641=AXIS2_PLACEMENT_3D('',#2488,#2057,#2058);
#1642=AXIS2_PLACEMENT_3D('',#2491,#2061,#2062);
#1643=AXIS2_PLACEMENT_3D('',#2493,#2063,#2064);
#1644=AXIS2_PLACEMENT_3D('',#2496,#2066,#2067);
#1645=AXIS2_PLACEMENT_3D('',#2497,#2068,#2069);
#1646=AXIS2_PLACEMENT_3D('',#2499,#2070,#2071);
#1647=AXIS2_PLACEMENT_3D('',#2502,#2073,#2074);
#1648=AXIS2_PLACEMENT_3D('',#2503,#2075,#2076);
#1649=AXIS2_PLACEMENT_3D('',#2505,#2077,#2078);
#1650=AXIS2_PLACEMENT_3D('',#2508,#2080,#2081);
#1651=AXIS2_PLACEMENT_3D('',#2509,#2082,#2083);
#1652=AXIS2_PLACEMENT_3D('',#2511,#2084,#2085);
#1653=AXIS2_PLACEMENT_3D('',#2514,#2087,#2088);
#1654=AXIS2_PLACEMENT_3D('',#2515,#2089,#2090);
#1655=AXIS2_PLACEMENT_3D('',#2517,#2091,#2092);
#1656=AXIS2_PLACEMENT_3D('',#2520,#2094,#2095);
#1657=AXIS2_PLACEMENT_3D('',#2521,#2096,#2097);
#1658=AXIS2_PLACEMENT_3D('',#2523,#2098,#2099);
#1659=AXIS2_PLACEMENT_3D('',#2526,#2101,#2102);
#1660=AXIS2_PLACEMENT_3D('',#2527,#2103,#2104);
#1661=AXIS2_PLACEMENT_3D('',#2528,#2105,#2106);
#1662=AXIS2_PLACEMENT_3D('',#2529,#2107,#2108);
#1663=DIRECTION('axis',(0.,0.,1.));
#1664=DIRECTION('refdir',(1.,0.,0.));
#1665=DIRECTION('axis',(0.,0.,1.));
#1666=DIRECTION('refdir',(1.,0.,0.));
#1667=DIRECTION('center_axis',(2.22044604925031E-16,-1.,-8.88178419700125E-17));
#1668=DIRECTION('ref_axis',(-3.39768208923663E-32,8.88178419700125E-17,
-1.));
#1669=DIRECTION('',(1.,2.22044604925031E-16,0.));
#1670=DIRECTION('',(0.,1.22464679914735E-16,1.));
#1671=DIRECTION('',(1.,2.22044604925031E-16,0.));
#1672=DIRECTION('',(0.,-1.22464679914735E-16,-1.));
#1673=DIRECTION('center_axis',(0.,0.,-1.));
#1674=DIRECTION('ref_axis',(-1.60812264967664E-16,1.,0.));
#1675=DIRECTION('center_axis',(0.,0.,1.));
#1676=DIRECTION('ref_axis',(1.,1.49975978266186E-32,0.));
#1677=DIRECTION('',(1.,2.22044604925031E-16,0.));
#1678=DIRECTION('center_axis',(0.,0.,-1.));
#1679=DIRECTION('ref_axis',(1.,1.49975978266186E-32,0.));
#1680=DIRECTION('center_axis',(0.,0.,1.));
#1681=DIRECTION('ref_axis',(1.60812264967664E-16,-1.,0.));
#1682=DIRECTION('center_axis',(0.,0.,1.));
#1683=DIRECTION('ref_axis',(1.,1.49975978266186E-32,0.));
#1684=DIRECTION('',(1.,2.22044604925031E-16,0.));
#1685=DIRECTION('center_axis',(0.,0.,-1.));
#1686=DIRECTION('ref_axis',(1.,1.49975978266186E-32,0.));
#1687=DIRECTION('center_axis',(0.,0.,1.));
#1688=DIRECTION('ref_axis',(1.60812264967664E-16,-1.,0.));
#1689=DIRECTION('center_axis',(0.,0.,1.));
#1690=DIRECTION('ref_axis',(1.,1.49975978266186E-32,0.));
#1691=DIRECTION('',(1.,1.11022302462516E-16,0.));
#1692=DIRECTION('center_axis',(0.,0.,-1.));
#1693=DIRECTION('ref_axis',(1.,1.49975978266186E-32,0.));
#1694=DIRECTION('',(1.,1.11022302462516E-16,0.));
#1695=DIRECTION('center_axis',(1.11022302462516E-16,-1.,-8.88178419700125E-17));
#1696=DIRECTION('ref_axis',(-3.39768208923663E-32,8.88178419700125E-17,
-1.));
#1697=DIRECTION('',(0.,-1.22464679914735E-16,-1.));
#1698=DIRECTION('',(0.,1.22464679914735E-16,1.));
#1699=DIRECTION('',(1.,1.11022302462516E-16,0.));
#1700=DIRECTION('center_axis',(0.,0.,-1.));
#1701=DIRECTION('ref_axis',(-1.60812264967664E-16,1.,0.));
#1702=DIRECTION('center_axis',(0.,0.,-1.));
#1703=DIRECTION('ref_axis',(1.,1.49975978266186E-32,0.));
#1704=DIRECTION('center_axis',(0.,0.,1.));
#1705=DIRECTION('ref_axis',(1.,1.49975978266186E-32,0.));
#1706=DIRECTION('',(1.,1.11022302462516E-16,0.));
#1707=DIRECTION('center_axis',(-1.11022302462516E-16,1.,-9.80554686627783E-49));
#1708=DIRECTION('ref_axis',(1.96938225556285E-32,3.16700821104189E-48,1.));
#1709=DIRECTION('',(0.,1.22464679914735E-16,1.));
#1710=DIRECTION('',(0.,-1.22464679914735E-16,-1.));
#1711=DIRECTION('center_axis',(-1.11022302462516E-16,1.,-9.80554686627783E-49));
#1712=DIRECTION('ref_axis',(1.96938225556285E-32,3.16700821104189E-48,1.));
#1713=DIRECTION('',(0.,-1.22464679914735E-16,-1.));
#1714=DIRECTION('',(1.,1.11022302462516E-16,0.));
#1715=DIRECTION('',(0.,1.22464679914735E-16,1.));
#1716=DIRECTION('',(1.,1.11022302462516E-16,0.));
#1717=DIRECTION('center_axis',(0.,0.,1.));
#1718=DIRECTION('ref_axis',(1.60812264967664E-16,-1.,0.));
#1719=DIRECTION('center_axis',(0.,0.,-1.));
#1720=DIRECTION('ref_axis',(1.,1.49975978266186E-32,0.));
#1721=DIRECTION('',(1.,1.11022302462516E-16,0.));
#1722=DIRECTION('center_axis',(0.,0.,1.));
#1723=DIRECTION('ref_axis',(1.,1.49975978266186E-32,0.));
#1724=DIRECTION('center_axis',(0.,0.,1.));
#1725=DIRECTION('ref_axis',(1.,1.49975978266186E-32,0.));
#1726=DIRECTION('center_axis',(0.,0.,-1.));
#1727=DIRECTION('ref_axis',(1.,1.49975978266186E-32,0.));
#1728=DIRECTION('center_axis',(0.,0.,-1.));
#1729=DIRECTION('ref_axis',(-1.60812264967664E-16,1.,0.));
#1730=DIRECTION('center_axis',(0.,0.,1.));
#1731=DIRECTION('ref_axis',(1.,1.49975978266186E-32,0.));
#1732=DIRECTION('center_axis',(0.,0.,-1.));
#1733=DIRECTION('ref_axis',(1.,1.49975978266186E-32,0.));
#1734=DIRECTION('center_axis',(0.,0.,-1.));
#1735=DIRECTION('ref_axis',(1.,1.49975978266186E-32,0.));
#1736=DIRECTION('',(1.,1.11022302462516E-16,0.));
#1737=DIRECTION('center_axis',(0.,0.,1.));
#1738=DIRECTION('ref_axis',(1.,1.49975978266186E-32,0.));
#1739=DIRECTION('center_axis',(1.11022302462516E-16,-1.,-8.88178419700125E-17));
#1740=DIRECTION('ref_axis',(-3.39768208923663E-32,8.88178419700125E-17,
-1.));
#1741=DIRECTION('',(0.,1.22464679914735E-16,1.));
#1742=DIRECTION('',(0.,-1.22464679914735E-16,-1.));
#1743=DIRECTION('center_axis',(0.,0.,1.));
#1744=DIRECTION('ref_axis',(1.60812264967664E-16,-1.,0.));
#1745=DIRECTION('center_axis',(0.,0.,1.));
#1746=DIRECTION('ref_axis',(1.,1.49975978266186E-32,0.));
#1747=DIRECTION('',(1.,0.,0.));
#1748=DIRECTION('center_axis',(0.,0.,-1.));
#1749=DIRECTION('ref_axis',(1.,1.49975978266186E-32,0.));
#1750=DIRECTION('',(1.,0.,0.));
#1751=DIRECTION('center_axis',(0.,-1.,-8.88178419700125E-17));
#1752=DIRECTION('ref_axis',(-3.39768208923663E-32,8.88178419700125E-17,
-1.));
#1753=DIRECTION('',(0.,-1.22464679914735E-16,-1.));
#1754=DIRECTION('',(0.,1.22464679914735E-16,1.));
#1755=DIRECTION('',(1.,0.,0.));
#1756=DIRECTION('center_axis',(0.,0.,-1.));
#1757=DIRECTION('ref_axis',(-1.60812264967664E-16,1.,0.));
#1758=DIRECTION('center_axis',(0.,0.,-1.));
#1759=DIRECTION('ref_axis',(1.,1.49975978266186E-32,0.));
#1760=DIRECTION('center_axis',(0.,0.,1.));
#1761=DIRECTION('ref_axis',(1.,1.49975978266186E-32,0.));
#1762=DIRECTION('',(1.,0.,0.));
#1763=DIRECTION('center_axis',(0.,1.,-3.16700821104189E-48));
#1764=DIRECTION('ref_axis',(1.96938225556285E-32,3.16700821104189E-48,1.));
#1765=DIRECTION('',(0.,1.22464679914735E-16,1.));
#1766=DIRECTION('',(0.,-1.22464679914735E-16,-1.));
#1767=DIRECTION('center_axis',(0.,0.,1.));
#1768=DIRECTION('ref_axis',(1.60812264967664E-16,-1.,0.));
#1769=DIRECTION('center_axis',(0.,0.,1.));
#1770=DIRECTION('ref_axis',(1.,1.49975978266186E-32,0.));
#1771=DIRECTION('',(1.,2.22044604925031E-16,0.));
#1772=DIRECTION('center_axis',(0.,0.,-1.));
#1773=DIRECTION('ref_axis',(1.,1.49975978266186E-32,0.));
#1774=DIRECTION('',(1.,2.22044604925031E-16,0.));
#1775=DIRECTION('center_axis',(2.22044604925031E-16,-1.,-1.77635683940025E-16));
#1776=DIRECTION('ref_axis',(-4.8259819229104E-32,1.77635683940025E-16,-1.));
#1777=DIRECTION('',(0.,-1.22464679914735E-16,-1.));
#1778=DIRECTION('',(0.,1.22464679914735E-16,1.));
#1779=DIRECTION('',(1.,2.22044604925031E-16,0.));
#1780=DIRECTION('center_axis',(0.,0.,-1.));
#1781=DIRECTION('ref_axis',(-1.60812264967664E-16,1.,0.));
#1782=DIRECTION('center_axis',(0.,0.,-1.));
#1783=DIRECTION('ref_axis',(1.,1.49975978266186E-32,0.));
#1784=DIRECTION('center_axis',(0.,0.,1.));
#1785=DIRECTION('ref_axis',(1.,1.49975978266186E-32,0.));
#1786=DIRECTION('',(1.,2.22044604925031E-16,0.));
#1787=DIRECTION('center_axis',(-2.22044604925031E-16,1.,1.20589883778632E-48));
#1788=DIRECTION('ref_axis',(1.96938225556285E-32,3.16700821104189E-48,1.));
#1789=DIRECTION('',(0.,1.22464679914735E-16,1.));
#1790=DIRECTION('',(0.,-1.22464679914735E-16,-1.));
#1791=DIRECTION('center_axis',(0.,0.,1.));
#1792=DIRECTION('ref_axis',(1.60812264967664E-16,-1.,0.));
#1793=DIRECTION('center_axis',(0.,0.,1.));
#1794=DIRECTION('ref_axis',(1.,1.49975978266186E-32,0.));
#1795=DIRECTION('',(1.,1.66533453693773E-16,0.));
#1796=DIRECTION('center_axis',(0.,0.,-1.));
#1797=DIRECTION('ref_axis',(1.,1.49975978266186E-32,0.));
#1798=DIRECTION('',(1.,1.66533453693773E-16,0.));
#1799=DIRECTION('center_axis',(1.66533453693773E-16,-1.,-8.88178419700125E-17));
#1800=DIRECTION('ref_axis',(-3.39768208923663E-32,8.88178419700125E-17,
-1.));
#1801=DIRECTION('',(0.,-1.22464679914735E-16,-1.));
#1802=DIRECTION('',(0.,1.22464679914735E-16,1.));
#1803=DIRECTION('',(1.,1.66533453693773E-16,0.));
#1804=DIRECTION('center_axis',(0.,0.,-1.));
#1805=DIRECTION('ref_axis',(-1.60812264967664E-16,1.,0.));
#1806=DIRECTION('center_axis',(0.,0.,-1.));
#1807=DIRECTION('ref_axis',(1.,1.49975978266186E-32,0.));
#1808=DIRECTION('center_axis',(0.,0.,1.));
#1809=DIRECTION('ref_axis',(1.,1.49975978266186E-32,0.));
#1810=DIRECTION('',(1.,1.66533453693773E-16,0.));
#1811=DIRECTION('center_axis',(-1.66533453693773E-16,1.,1.12672075579269E-49));
#1812=DIRECTION('ref_axis',(1.96938225556285E-32,3.16700821104189E-48,1.));
#1813=DIRECTION('',(0.,1.22464679914735E-16,1.));
#1814=DIRECTION('',(0.,-1.22464679914735E-16,-1.));
#1815=DIRECTION('center_axis',(0.,0.,1.));
#1816=DIRECTION('ref_axis',(1.60812264967664E-16,-1.,0.));
#1817=DIRECTION('center_axis',(0.,0.,1.));
#1818=DIRECTION('ref_axis',(1.,1.49975978266186E-32,0.));
#1819=DIRECTION('',(1.,2.22044604925031E-16,0.));
#1820=DIRECTION('center_axis',(0.,0.,-1.));
#1821=DIRECTION('ref_axis',(1.,1.49975978266186E-32,0.));
#1822=DIRECTION('',(1.,2.22044604925031E-16,0.));
#1823=DIRECTION('center_axis',(2.22044604925031E-16,-1.,-8.88178419700125E-17));
#1824=DIRECTION('ref_axis',(-3.39768208923663E-32,8.88178419700125E-17,
-1.));
#1825=DIRECTION('',(0.,-1.22464679914735E-16,-1.));
#1826=DIRECTION('',(0.,1.22464679914735E-16,1.));
#1827=DIRECTION('',(1.,2.22044604925031E-16,0.));
#1828=DIRECTION('center_axis',(0.,0.,-1.));
#1829=DIRECTION('ref_axis',(-1.60812264967664E-16,1.,0.));
#1830=DIRECTION('center_axis',(0.,0.,-1.));
#1831=DIRECTION('ref_axis',(1.,1.49975978266186E-32,0.));
#1832=DIRECTION('center_axis',(0.,0.,1.));
#1833=DIRECTION('ref_axis',(1.,1.49975978266186E-32,0.));
#1834=DIRECTION('',(1.,2.22044604925031E-16,0.));
#1835=DIRECTION('center_axis',(-2.22044604925031E-16,1.,1.20589883778632E-48));
#1836=DIRECTION('ref_axis',(1.96938225556285E-32,3.16700821104189E-48,1.));
#1837=DIRECTION('',(0.,1.22464679914735E-16,1.));
#1838=DIRECTION('',(0.,-1.22464679914735E-16,-1.));
#1839=DIRECTION('center_axis',(0.,0.,1.));
#1840=DIRECTION('ref_axis',(1.60812264967664E-16,-1.,0.));
#1841=DIRECTION('center_axis',(0.,0.,1.));
#1842=DIRECTION('ref_axis',(1.,1.49975978266186E-32,0.));
#1843=DIRECTION('',(1.,1.66533453693773E-16,0.));
#1844=DIRECTION('center_axis',(0.,0.,-1.));
#1845=DIRECTION('ref_axis',(1.,1.49975978266186E-32,0.));
#1846=DIRECTION('',(1.,1.66533453693773E-16,0.));
#1847=DIRECTION('center_axis',(1.66533453693773E-16,-1.,-8.88178419700125E-17));
#1848=DIRECTION('ref_axis',(-3.39768208923663E-32,8.88178419700125E-17,
-1.));
#1849=DIRECTION('',(0.,-1.22464679914735E-16,-1.));
#1850=DIRECTION('',(0.,1.22464679914735E-16,1.));
#1851=DIRECTION('',(1.,1.66533453693773E-16,0.));
#1852=DIRECTION('center_axis',(0.,0.,-1.));
#1853=DIRECTION('ref_axis',(-1.60812264967664E-16,1.,0.));
#1854=DIRECTION('center_axis',(0.,0.,-1.));
#1855=DIRECTION('ref_axis',(1.,1.49975978266186E-32,0.));
#1856=DIRECTION('center_axis',(0.,0.,1.));
#1857=DIRECTION('ref_axis',(1.,1.49975978266186E-32,0.));
#1858=DIRECTION('',(1.,1.66533453693773E-16,0.));
#1859=DIRECTION('center_axis',(-1.66533453693773E-16,1.,1.12672075579269E-49));
#1860=DIRECTION('ref_axis',(1.96938225556285E-32,3.16700821104189E-48,1.));
#1861=DIRECTION('',(0.,1.22464679914735E-16,1.));
#1862=DIRECTION('',(0.,-1.22464679914735E-16,-1.));
#1863=DIRECTION('center_axis',(0.,0.,1.));
#1864=DIRECTION('ref_axis',(1.60812264967664E-16,-1.,0.));
#1865=DIRECTION('center_axis',(0.,0.,1.));
#1866=DIRECTION('ref_axis',(1.,1.49975978266186E-32,0.));
#1867=DIRECTION('',(1.,1.11022302462516E-16,0.));
#1868=DIRECTION('center_axis',(0.,0.,-1.));
#1869=DIRECTION('ref_axis',(1.,1.49975978266186E-32,0.));
#1870=DIRECTION('',(1.,1.11022302462516E-16,0.));
#1871=DIRECTION('center_axis',(1.11022302462516E-16,-1.,-8.88178419700125E-17));
#1872=DIRECTION('ref_axis',(-3.39768208923663E-32,8.88178419700125E-17,
-1.));
#1873=DIRECTION('',(0.,-1.22464679914735E-16,-1.));
#1874=DIRECTION('',(0.,1.22464679914735E-16,1.));
#1875=DIRECTION('',(1.,1.11022302462516E-16,0.));
#1876=DIRECTION('center_axis',(0.,0.,-1.));
#1877=DIRECTION('ref_axis',(-1.60812264967664E-16,1.,0.));
#1878=DIRECTION('center_axis',(0.,0.,-1.));
#1879=DIRECTION('ref_axis',(1.,1.49975978266186E-32,0.));
#1880=DIRECTION('center_axis',(0.,0.,1.));
#1881=DIRECTION('ref_axis',(1.,1.49975978266186E-32,0.));
#1882=DIRECTION('',(1.,1.11022302462516E-16,0.));
#1883=DIRECTION('center_axis',(-1.11022302462516E-16,1.,-9.80554686627783E-49));
#1884=DIRECTION('ref_axis',(1.96938225556285E-32,3.16700821104189E-48,1.));
#1885=DIRECTION('',(0.,1.22464679914735E-16,1.));
#1886=DIRECTION('',(0.,-1.22464679914735E-16,-1.));
#1887=DIRECTION('center_axis',(0.,1.,-3.16700821104189E-48));
#1888=DIRECTION('ref_axis',(1.96938225556285E-32,3.16700821104189E-48,1.));
#1889=DIRECTION('',(0.,1.22464679914735E-16,1.));
#1890=DIRECTION('',(1.,0.,0.));
#1891=DIRECTION('',(0.,-1.22464679914735E-16,-1.));
#1892=DIRECTION('',(1.,0.,0.));
#1893=DIRECTION('center_axis',(0.,0.,1.));
#1894=DIRECTION('ref_axis',(1.60812264967664E-16,-1.,0.));
#1895=DIRECTION('center_axis',(0.,0.,1.));
#1896=DIRECTION('ref_axis',(1.,1.49975978266186E-32,0.));
#1897=DIRECTION('center_axis',(0.,0.,-1.));
#1898=DIRECTION('ref_axis',(1.,1.49975978266186E-32,0.));
#1899=DIRECTION('',(1.,0.,0.));
#1900=DIRECTION('center_axis',(0.,-1.,3.16700821104189E-48));
#1901=DIRECTION('ref_axis',(-1.96938225556285E-32,-3.16700821104189E-48,
-1.));
#1902=DIRECTION('',(0.,-1.22464679914735E-16,-1.));
#1903=DIRECTION('',(0.,1.22464679914735E-16,1.));
#1904=DIRECTION('',(1.,0.,0.));
#1905=DIRECTION('center_axis',(0.,0.,-1.));
#1906=DIRECTION('ref_axis',(-1.60812264967664E-16,1.,0.));
#1907=DIRECTION('center_axis',(0.,0.,-1.));
#1908=DIRECTION('ref_axis',(1.,1.49975978266186E-32,0.));
#1909=DIRECTION('center_axis',(0.,0.,1.));
#1910=DIRECTION('ref_axis',(1.,1.49975978266186E-32,0.));
#1911=DIRECTION('center_axis',(0.,0.,1.));
#1912=DIRECTION('ref_axis',(1.60812264967664E-16,-1.,0.));
#1913=DIRECTION('center_axis',(0.,0.,1.));
#1914=DIRECTION('ref_axis',(1.,1.49975978266186E-32,0.));
#1915=DIRECTION('',(1.,2.22044604925031E-16,0.));
#1916=DIRECTION('center_axis',(0.,0.,-1.));
#1917=DIRECTION('ref_axis',(1.,1.49975978266186E-32,0.));
#1918=DIRECTION('',(1.,2.22044604925031E-16,0.));
#1919=DIRECTION('center_axis',(2.22044604925031E-16,-1.,-1.20589883778632E-48));
#1920=DIRECTION('ref_axis',(-1.96938225556285E-32,-3.16700821104189E-48,
-1.));
#1921=DIRECTION('',(0.,-1.22464679914735E-16,-1.));
#1922=DIRECTION('',(0.,1.22464679914735E-16,1.));
#1923=DIRECTION('',(1.,2.22044604925031E-16,0.));
#1924=DIRECTION('center_axis',(0.,0.,-1.));
#1925=DIRECTION('ref_axis',(-1.60812264967664E-16,1.,0.));
#1926=DIRECTION('center_axis',(0.,0.,-1.));
#1927=DIRECTION('ref_axis',(1.,1.49975978266186E-32,0.));
#1928=DIRECTION('center_axis',(0.,0.,1.));
#1929=DIRECTION('ref_axis',(1.,1.49975978266186E-32,0.));
#1930=DIRECTION('',(1.,2.22044604925031E-16,0.));
#1931=DIRECTION('center_axis',(-2.22044604925031E-16,1.,1.20589883778632E-48));
#1932=DIRECTION('ref_axis',(1.96938225556285E-32,3.16700821104189E-48,1.));
#1933=DIRECTION('',(0.,1.22464679914735E-16,1.));
#1934=DIRECTION('',(0.,-1.22464679914735E-16,-1.));
#1935=DIRECTION('center_axis',(0.,0.,1.));
#1936=DIRECTION('ref_axis',(1.60812264967664E-16,-1.,0.));
#1937=DIRECTION('center_axis',(0.,0.,1.));
#1938=DIRECTION('ref_axis',(1.,1.49975978266186E-32,0.));
#1939=DIRECTION('',(1.,1.66533453693773E-16,0.));
#1940=DIRECTION('center_axis',(0.,0.,-1.));
#1941=DIRECTION('ref_axis',(1.,1.49975978266186E-32,0.));
#1942=DIRECTION('',(1.,1.66533453693773E-16,0.));
#1943=DIRECTION('center_axis',(1.66533453693773E-16,-1.,-8.88178419700125E-17));
#1944=DIRECTION('ref_axis',(-3.39768208923663E-32,8.88178419700125E-17,
-1.));
#1945=DIRECTION('',(0.,-1.22464679914735E-16,-1.));
#1946=DIRECTION('',(0.,1.22464679914735E-16,1.));
#1947=DIRECTION('',(1.,1.66533453693773E-16,0.));
#1948=DIRECTION('center_axis',(0.,0.,-1.));
#1949=DIRECTION('ref_axis',(-1.60812264967664E-16,1.,0.));
#1950=DIRECTION('center_axis',(0.,0.,-1.));
#1951=DIRECTION('ref_axis',(1.,1.49975978266186E-32,0.));
#1952=DIRECTION('center_axis',(0.,0.,1.));
#1953=DIRECTION('ref_axis',(1.,1.49975978266186E-32,0.));
#1954=DIRECTION('',(1.,1.66533453693773E-16,0.));
#1955=DIRECTION('center_axis',(-1.66533453693773E-16,1.,1.12672075579269E-49));
#1956=DIRECTION('ref_axis',(1.96938225556285E-32,3.16700821104189E-48,1.));
#1957=DIRECTION('',(0.,1.22464679914735E-16,1.));
#1958=DIRECTION('',(0.,-1.22464679914735E-16,-1.));
#1959=DIRECTION('center_axis',(-2.22044604925031E-16,1.,1.20589883778632E-48));
#1960=DIRECTION('ref_axis',(1.96938225556285E-32,3.16700821104189E-48,1.));
#1961=DIRECTION('',(0.,1.22464679914735E-16,1.));
#1962=DIRECTION('',(0.,-1.22464679914735E-16,-1.));
#1963=DIRECTION('center_axis',(0.,-1.22464679914735E-16,-1.));
#1964=DIRECTION('ref_axis',(1.,0.,0.));
#1965=DIRECTION('center_axis',(0.,1.22464679914735E-16,1.));
#1966=DIRECTION('ref_axis',(1.,1.49975978266186E-32,0.));
#1967=DIRECTION('center_axis',(1.1842378929335E-16,1.,-1.22464679914735E-16));
#1968=DIRECTION('ref_axis',(-1.,1.1842378929335E-16,0.));
#1969=DIRECTION('center_axis',(0.,-1.22464679914735E-16,-1.));
#1970=DIRECTION('ref_axis',(1.,1.49975978266186E-32,0.));
#1971=DIRECTION('center_axis',(0.,-1.22464679914735E-16,-1.));
#1972=DIRECTION('ref_axis',(1.,1.49975978266186E-32,0.));
#1973=DIRECTION('center_axis',(0.,-1.22464679914735E-16,-1.));
#1974=DIRECTION('ref_axis',(1.,1.49975978266186E-32,0.));
#1975=DIRECTION('center_axis',(0.,1.22464679914735E-16,1.));
#1976=DIRECTION('ref_axis',(1.,1.49975978266186E-32,0.));
#1977=DIRECTION('center_axis',(0.,1.22464679914735E-16,1.));
#1978=DIRECTION('ref_axis',(1.,1.49975978266186E-32,0.));
#1979=DIRECTION('',(0.,-1.22464679914735E-16,-1.));
#1980=DIRECTION('',(0.,-1.22464679914735E-16,-1.));
#1981=DIRECTION('center_axis',(0.,1.22464679914735E-16,1.));
#1982=DIRECTION('ref_axis',(1.,1.49975978266186E-32,0.));
#1983=DIRECTION('center_axis',(0.,-1.22464679914735E-16,-1.));
#1984=DIRECTION('ref_axis',(1.,1.49975978266186E-32,0.));
#1985=DIRECTION('center_axis',(0.,1.22464679914735E-16,1.));
#1986=DIRECTION('ref_axis',(1.,1.49975978266186E-32,0.));
#1987=DIRECTION('',(0.,-1.22464679914735E-16,-1.));
#1988=DIRECTION('',(0.,-1.22464679914735E-16,-1.));
#1989=DIRECTION('center_axis',(0.,1.22464679914735E-16,1.));
#1990=DIRECTION('ref_axis',(1.,1.49975978266186E-32,0.));
#1991=DIRECTION('center_axis',(0.,1.22464679914735E-16,1.));
#1992=DIRECTION('ref_axis',(-1.,0.,0.));
#1993=DIRECTION('center_axis',(0.,1.22464679914735E-16,1.));
#1994=DIRECTION('ref_axis',(1.,1.49975978266186E-32,0.));
#1995=DIRECTION('center_axis',(-1.12143739861127E-16,1.,-1.22464679914735E-16));
#1996=DIRECTION('ref_axis',(1.,1.12143739861127E-16,0.));
#1997=DIRECTION('center_axis',(0.,1.22464679914735E-16,1.));
#1998=DIRECTION('ref_axis',(1.,1.49975978266186E-32,0.));
#1999=DIRECTION('center_axis',(0.,-1.22464679914735E-16,-1.));
#2000=DIRECTION('ref_axis',(1.,1.49975978266186E-32,0.));
#2001=DIRECTION('center_axis',(0.,-1.22464679914735E-16,-1.));
#2002=DIRECTION('ref_axis',(1.,1.49975978266186E-32,0.));
#2003=DIRECTION('',(0.,1.22464679914735E-16,1.));
#2004=DIRECTION('center_axis',(0.,-1.22464679914735E-16,-1.));
#2005=DIRECTION('ref_axis',(1.,1.49975978266186E-32,0.));
#2006=DIRECTION('center_axis',(0.,-1.22464679914735E-16,-1.));
#2007=DIRECTION('ref_axis',(1.,1.49975978266186E-32,3.52170046973666E-32));
#2008=DIRECTION('center_axis',(0.,1.22464679914735E-16,1.));
#2009=DIRECTION('ref_axis',(1.,1.49975978266186E-32,3.52170046973666E-32));
#2010=DIRECTION('center_axis',(0.,-1.22464679914735E-16,-1.));
#2011=DIRECTION('ref_axis',(1.,1.49975978266186E-32,3.52170046973666E-32));
#2012=DIRECTION('',(0.,-1.22464679914735E-16,-1.));
#2013=DIRECTION('center_axis',(0.,-1.22464679914735E-16,-1.));
#2014=DIRECTION('ref_axis',(1.,1.49975978266186E-32,0.));
#2015=DIRECTION('center_axis',(0.,0.,-1.));
#2016=DIRECTION('ref_axis',(-1.,0.,0.));
#2017=DIRECTION('center_axis',(0.,0.,1.));
#2018=DIRECTION('ref_axis',(1.,0.,0.));
#2019=DIRECTION('center_axis',(0.,-1.,0.));
#2020=DIRECTION('ref_axis',(1.,0.,0.));
#2021=DIRECTION('center_axis',(0.,0.,-1.));
#2022=DIRECTION('ref_axis',(1.,0.,0.));
#2023=DIRECTION('center_axis',(0.,0.,-1.));
#2024=DIRECTION('ref_axis',(1.,0.,0.));
#2025=DIRECTION('center_axis',(0.,0.,1.));
#2026=DIRECTION('ref_axis',(1.,0.,0.));
#2027=DIRECTION('center_axis',(0.,0.,1.));
#2028=DIRECTION('ref_axis',(1.,0.,0.));
#2029=DIRECTION('',(0.,0.,-1.));
#2030=DIRECTION('center_axis',(0.,0.,-1.));
#2031=DIRECTION('ref_axis',(1.,0.,0.));
#2032=DIRECTION('center_axis',(0.,0.,1.));
#2033=DIRECTION('ref_axis',(1.,0.,0.));
#2034=DIRECTION('center_axis',(0.,0.,1.));
#2035=DIRECTION('ref_axis',(1.,0.,0.));
#2036=DIRECTION('center_axis',(0.,0.,-1.));
#2037=DIRECTION('ref_axis',(1.,0.,0.));
#2038=DIRECTION('',(0.,0.,-1.));
#2039=DIRECTION('center_axis',(0.,0.,-1.));
#2040=DIRECTION('ref_axis',(1.,0.,0.));
#2041=DIRECTION('center_axis',(-1.,0.,0.));
#2042=DIRECTION('ref_axis',(0.,-1.,0.));
#2043=DIRECTION('',(0.,1.,0.));
#2044=DIRECTION('',(0.,0.,1.));
#2045=DIRECTION('',(0.,-1.,0.));
#2046=DIRECTION('',(0.,0.,1.));
#2047=DIRECTION('center_axis',(0.,1.,0.));
#2048=DIRECTION('ref_axis',(-1.,0.,0.));
#2049=DIRECTION('',(1.,0.,0.));
#2050=DIRECTION('',(-1.,0.,0.));
#2051=DIRECTION('',(0.,0.,1.));
#2052=DIRECTION('center_axis',(1.,0.,0.));
#2053=DIRECTION('ref_axis',(0.,1.,0.));
#2054=DIRECTION('',(0.,-1.,0.));
#2055=DIRECTION('',(0.,1.,0.));
#2056=DIRECTION('',(0.,0.,1.));
#2057=DIRECTION('center_axis',(0.,-1.,0.));
#2058=DIRECTION('ref_axis',(1.,0.,0.));
#2059=DIRECTION('',(-1.,0.,0.));
#2060=DIRECTION('',(1.,0.,0.));
#2061=DIRECTION('center_axis',(0.,0.,1.));
#2062=DIRECTION('ref_axis',(1.,0.,0.));
#2063=DIRECTION('center_axis',(0.,0.,1.));
#2064=DIRECTION('ref_axis',(1.,0.,0.));
#2065=DIRECTION('',(0.,0.,1.));
#2066=DIRECTION('center_axis',(0.,0.,-1.));
#2067=DIRECTION('ref_axis',(1.,0.,0.));
#2068=DIRECTION('center_axis',(0.,0.,1.));
#2069=DIRECTION('ref_axis',(1.,0.,0.));
#2070=DIRECTION('center_axis',(0.,0.,1.));
#2071=DIRECTION('ref_axis',(1.,0.,0.));
#2072=DIRECTION('',(0.,0.,1.));
#2073=DIRECTION('center_axis',(0.,0.,-1.));
#2074=DIRECTION('ref_axis',(1.,0.,0.));
#2075=DIRECTION('center_axis',(0.,0.,1.));
#2076=DIRECTION('ref_axis',(1.,0.,0.));
#2077=DIRECTION('center_axis',(0.,0.,1.));
#2078=DIRECTION('ref_axis',(1.,0.,0.));
#2079=DIRECTION('',(0.,0.,1.));
#2080=DIRECTION('center_axis',(0.,0.,-1.));
#2081=DIRECTION('ref_axis',(1.,0.,0.));
#2082=DIRECTION('center_axis',(0.,0.,1.));
#2083=DIRECTION('ref_axis',(1.,0.,0.));
#2084=DIRECTION('center_axis',(0.,0.,1.));
#2085=DIRECTION('ref_axis',(1.,0.,0.));
#2086=DIRECTION('',(0.,0.,1.));
#2087=DIRECTION('center_axis',(0.,0.,-1.));
#2088=DIRECTION('ref_axis',(1.,0.,0.));
#2089=DIRECTION('center_axis',(0.,0.,1.));
#2090=DIRECTION('ref_axis',(1.,0.,0.));
#2091=DIRECTION('center_axis',(0.,0.,1.));
#2092=DIRECTION('ref_axis',(1.,0.,0.));
#2093=DIRECTION('',(0.,0.,1.));
#2094=DIRECTION('center_axis',(0.,0.,-1.));
#2095=DIRECTION('ref_axis',(1.,0.,0.));
#2096=DIRECTION('center_axis',(0.,0.,1.));
#2097=DIRECTION('ref_axis',(1.,0.,0.));
#2098=DIRECTION('center_axis',(0.,0.,1.));
#2099=DIRECTION('ref_axis',(1.,0.,0.));
#2100=DIRECTION('',(0.,0.,-1.));
#2101=DIRECTION('center_axis',(0.,0.,-1.));
#2102=DIRECTION('ref_axis',(1.,0.,0.));
#2103=DIRECTION('center_axis',(0.,0.,-1.));
#2104=DIRECTION('ref_axis',(1.,0.,0.));
#2105=DIRECTION('center_axis',(0.,0.,-1.));
#2106=DIRECTION('ref_axis',(1.,0.,0.));
#2107=DIRECTION('',(0.,0.,1.));
#2108=DIRECTION('',(1.,0.,0.));
#2109=CARTESIAN_POINT('',(0.,0.,0.));
#2110=CARTESIAN_POINT('',(0.,0.,0.));
#2111=CARTESIAN_POINT('Origin',(-47.5027562215927,-17.6794818853815,93.9975480074994));
#2112=CARTESIAN_POINT('',(-39.8693950209163,-17.6794818853815,93.9975480074994));
#2113=CARTESIAN_POINT('',(-36.0030660883859,-17.6794818853815,93.9975480074994));
#2114=CARTESIAN_POINT('',(-47.5027562215927,-17.6794818853815,93.9975480074994));
#2115=CARTESIAN_POINT('',(-36.0030660883859,-17.6794818853815,68.9975480074994));
#2116=CARTESIAN_POINT('',(-36.0030660883859,-17.6794818853815,40.));
#2117=CARTESIAN_POINT('',(-39.8693950209163,-17.6794818853815,68.9975480074994));
#2118=CARTESIAN_POINT('',(-47.5027562215927,-17.6794818853815,68.9975480074994));
#2119=CARTESIAN_POINT('',(-39.8693950209163,-17.6794818853815,30.));
#2120=CARTESIAN_POINT('Origin',(-47.5027562215927,-17.6794818853815,68.9975480074994));
#2121=CARTESIAN_POINT('',(-37.6201966501411,-15.6794818853815,68.9975480074994));
#2122=CARTESIAN_POINT('Origin',(-10.0027562215927,4.99724377840728,68.9975480074994));
#2123=CARTESIAN_POINT('',(-41.2873053764777,-15.6794818853815,68.9975480074994));
#2124=CARTESIAN_POINT('',(-47.5027562215927,-15.6794818853815,68.9975480074994));
#2125=CARTESIAN_POINT('Origin',(-10.0027562215927,4.99724377840729,68.9975480074994));
#2126=CARTESIAN_POINT('Origin',(-47.5027562215927,-15.6794818853815,93.9975480074994));
#2127=CARTESIAN_POINT('',(-41.2873053764777,-15.6794818853815,93.9975480074994));
#2128=CARTESIAN_POINT('Origin',(-10.0027562215927,4.99724377840729,93.9975480074994));
#2129=CARTESIAN_POINT('',(-37.6201966501411,-15.6794818853815,93.9975480074994));
#2130=CARTESIAN_POINT('',(-47.5027562215927,-15.6794818853815,93.9975480074994));
#2131=CARTESIAN_POINT('Origin',(-10.0027562215927,4.99724377840729,93.9975480074994));
#2132=CARTESIAN_POINT('Origin',(-47.5027562215927,-8.40675461265424,93.9975480074994));
#2133=CARTESIAN_POINT('',(-45.0253607382819,-8.40675461265424,93.9975480074994));
#2134=CARTESIAN_POINT('',(-44.1929131906412,-10.4067546126542,93.9975480074994));
#2135=CARTESIAN_POINT('Origin',(-10.0027562215927,4.99724377840729,93.9975480074994));
#2136=CARTESIAN_POINT('',(-41.7924216355668,-8.40675461265423,93.9975480074994));
#2137=CARTESIAN_POINT('',(-47.5027562215927,-8.40675461265424,93.9975480074994));
#2138=CARTESIAN_POINT('',(-40.8729171147298,-10.4067546126542,93.9975480074994));
#2139=CARTESIAN_POINT('Origin',(-10.0027562215927,4.99724377840729,93.9975480074994));
#2140=CARTESIAN_POINT('',(-47.5027562215927,-10.4067546126542,93.9975480074994));
#2141=CARTESIAN_POINT('Origin',(-47.5027562215927,-10.4067546126542,93.9975480074994));
#2142=CARTESIAN_POINT('',(-44.1929131906412,-10.4067546126542,68.9975480074994));
#2143=CARTESIAN_POINT('',(-44.1929131906412,-10.4067546126542,30.));
#2144=CARTESIAN_POINT('',(-40.8729171147298,-10.4067546126542,68.9975480074994));
#2145=CARTESIAN_POINT('',(-40.8729171147298,-10.4067546126542,40.));
#2146=CARTESIAN_POINT('',(-47.5027562215927,-10.4067546126542,68.9975480074994));
#2147=CARTESIAN_POINT('Origin',(-47.5027562215927,-10.4067546126542,68.9975480074994));
#2148=CARTESIAN_POINT('',(-45.0253607382819,-8.40675461265423,68.9975480074994));
#2149=CARTESIAN_POINT('Origin',(-10.0027562215927,4.99724377840729,68.9975480074994));
#2150=CARTESIAN_POINT('',(-41.7924216355668,-8.40675461265423,68.9975480074994));
#2151=CARTESIAN_POINT('Origin',(-10.0027562215927,4.99724377840728,68.9975480074994));
#2152=CARTESIAN_POINT('',(-47.5027562215927,-8.40675461265424,68.9975480074994));
#2153=CARTESIAN_POINT('Origin',(-47.5027562215927,-8.40675461265424,68.9975480074994));
#2154=CARTESIAN_POINT('',(-45.0253607382819,-8.40675461265423,30.));
#2155=CARTESIAN_POINT('',(-41.7924216355668,-8.40675461265423,40.));
#2156=CARTESIAN_POINT('Origin',(-47.5027562215927,6.13869993280031,68.9975480074994));
#2157=CARTESIAN_POINT('',(-44.4838681214082,6.13869993280031,93.9975480074994));
#2158=CARTESIAN_POINT('',(-44.4838681214082,6.13869993280031,68.9975480074994));
#2159=CARTESIAN_POINT('',(-44.4838681214082,6.13869993280031,40.));
#2160=CARTESIAN_POINT('',(-47.4853799004068,6.13869993280031,93.9975480074994));
#2161=CARTESIAN_POINT('',(-47.5027562215927,6.13869993280031,93.9975480074994));
#2162=CARTESIAN_POINT('',(-47.4853799004068,6.13869993280031,68.9975480074994));
#2163=CARTESIAN_POINT('',(-47.4853799004068,6.13869993280031,30.));
#2164=CARTESIAN_POINT('',(-47.5027562215927,6.13869993280031,68.9975480074994));
#2165=CARTESIAN_POINT('Origin',(-47.5027562215927,6.13869993280031,93.9975480074994));
#2166=CARTESIAN_POINT('',(-44.492071994237,4.13869993280031,93.9975480074994));
#2167=CARTESIAN_POINT('',(-44.5027562215927,4.99724377840728,93.9975480074994));
#2168=CARTESIAN_POINT('Origin',(-10.0027562215927,4.99724377840729,93.9975480074994));
#2169=CARTESIAN_POINT('',(-47.4929269662715,4.13869993280031,93.9975480074994));
#2170=CARTESIAN_POINT('',(-47.5027562215927,4.13869993280031,93.9975480074994));
#2171=CARTESIAN_POINT('',(-47.5027562215927,4.99724377840728,93.9975480074994));
#2172=CARTESIAN_POINT('Origin',(-10.0027562215927,4.99724377840729,93.9975480074994));
#2173=CARTESIAN_POINT('Origin',(-10.0027562215927,4.99724377840729,93.9975480074994));
#2174=CARTESIAN_POINT('Origin',(-10.0027562215927,4.99724377840729,93.9975480074994));
#2175=CARTESIAN_POINT('Origin',(-47.5027562215927,4.13869993280031,68.9975480074994));
#2176=CARTESIAN_POINT('',(-44.5027562215927,4.99724377840728,68.9975480074994));
#2177=CARTESIAN_POINT('Origin',(-10.0027562215927,4.99724377840728,68.9975480074994));
#2178=CARTESIAN_POINT('',(-47.5027562215927,4.99724377840728,68.9975480074994));
#2179=CARTESIAN_POINT('Origin',(-10.0027562215927,4.99724377840729,68.9975480074994));
#2180=CARTESIAN_POINT('',(-47.4929269662715,4.13869993280031,68.9975480074994));
#2181=CARTESIAN_POINT('Origin',(-10.0027562215927,4.99724377840729,68.9975480074994));
#2182=CARTESIAN_POINT('',(-44.492071994237,4.13869993280031,68.9975480074994));
#2183=CARTESIAN_POINT('',(-47.5027562215927,4.13869993280031,68.9975480074994));
#2184=CARTESIAN_POINT('Origin',(-10.0027562215927,4.99724377840728,68.9975480074994));
#2185=CARTESIAN_POINT('Origin',(-47.5027562215927,4.13869993280031,93.9975480074994));
#2186=CARTESIAN_POINT('',(-44.492071994237,4.13869993280031,40.));
#2187=CARTESIAN_POINT('',(-47.4929269662715,4.13869993280031,30.));
#2188=CARTESIAN_POINT('Origin',(-47.5027562215927,20.6841544782549,93.9975480074994));
#2189=CARTESIAN_POINT('',(-44.0640367714341,20.6841544782549,93.9975480074994));
#2190=CARTESIAN_POINT('',(-44.9157692037803,18.6841544782549,93.9975480074994));
#2191=CARTESIAN_POINT('Origin',(-10.0027562215927,4.99724377840729,93.9975480074994));
#2192=CARTESIAN_POINT('',(-40.730119152619,20.6841544782549,93.9975480074994));
#2193=CARTESIAN_POINT('',(-47.5027562215927,20.6841544782549,93.9975480074994));
#2194=CARTESIAN_POINT('',(-41.6716443532338,18.6841544782549,93.9975480074994));
#2195=CARTESIAN_POINT('Origin',(-10.0027562215927,4.99724377840729,93.9975480074994));
#2196=CARTESIAN_POINT('',(-47.5027562215927,18.6841544782549,93.9975480074994));
#2197=CARTESIAN_POINT('Origin',(-47.5027562215927,18.6841544782549,93.9975480074994));
#2198=CARTESIAN_POINT('',(-44.9157692037803,18.6841544782549,68.9975480074994));
#2199=CARTESIAN_POINT('',(-44.9157692037803,18.6841544782549,30.));
#2200=CARTESIAN_POINT('',(-41.6716443532338,18.6841544782549,68.9975480074994));
#2201=CARTESIAN_POINT('',(-41.6716443532338,18.6841544782549,40.));
#2202=CARTESIAN_POINT('',(-47.5027562215927,18.6841544782549,68.9975480074994));
#2203=CARTESIAN_POINT('Origin',(-47.5027562215927,18.6841544782549,68.9975480074994));
#2204=CARTESIAN_POINT('',(-44.0640367714341,20.6841544782549,68.9975480074994));
#2205=CARTESIAN_POINT('Origin',(-10.0027562215927,4.99724377840729,68.9975480074994));
#2206=CARTESIAN_POINT('',(-40.730119152619,20.6841544782549,68.9975480074994));
#2207=CARTESIAN_POINT('Origin',(-10.0027562215927,4.99724377840728,68.9975480074994));
#2208=CARTESIAN_POINT('',(-47.5027562215927,20.6841544782549,68.9975480074994));
#2209=CARTESIAN_POINT('Origin',(-47.5027562215927,20.6841544782549,68.9975480074994));
#2210=CARTESIAN_POINT('',(-44.0640367714341,20.6841544782549,30.));
#2211=CARTESIAN_POINT('',(-40.730119152619,20.6841544782549,40.));
#2212=CARTESIAN_POINT('Origin',(-47.5027562215927,17.0477908418912,93.9975480074994));
#2213=CARTESIAN_POINT('',(-45.5138012001731,17.0477908418912,93.9975480074994));
#2214=CARTESIAN_POINT('',(-46.1308132372238,15.0477908418912,93.9975480074994));
#2215=CARTESIAN_POINT('Origin',(-10.0027562215927,4.99724377840729,93.9975480074994));
#2216=CARTESIAN_POINT('',(-42.329746732167,17.0477908418912,93.9975480074994));
#2217=CARTESIAN_POINT('',(-47.5027562215927,17.0477908418912,93.9975480074994));
#2218=CARTESIAN_POINT('',(-43.0063394168261,15.0477908418912,93.9975480074994));
#2219=CARTESIAN_POINT('Origin',(-10.0027562215927,4.99724377840729,93.9975480074994));
#2220=CARTESIAN_POINT('',(-47.5027562215927,15.0477908418912,93.9975480074994));
#2221=CARTESIAN_POINT('Origin',(-47.5027562215927,15.0477908418912,93.9975480074994));
#2222=CARTESIAN_POINT('',(-46.1308132372238,15.0477908418912,68.9975480074994));
#2223=CARTESIAN_POINT('',(-46.1308132372238,15.0477908418912,30.));
#2224=CARTESIAN_POINT('',(-43.0063394168261,15.0477908418912,68.9975480074994));
#2225=CARTESIAN_POINT('',(-43.0063394168261,15.0477908418912,40.));
#2226=CARTESIAN_POINT('',(-47.5027562215927,15.0477908418912,68.9975480074994));
#2227=CARTESIAN_POINT('Origin',(-47.5027562215927,15.0477908418912,68.9975480074994));
#2228=CARTESIAN_POINT('',(-45.5138012001731,17.0477908418912,68.9975480074994));
#2229=CARTESIAN_POINT('Origin',(-10.0027562215927,4.99724377840729,68.9975480074994));
#2230=CARTESIAN_POINT('',(-42.329746732167,17.0477908418912,68.9975480074994));
#2231=CARTESIAN_POINT('Origin',(-10.0027562215927,4.99724377840728,68.9975480074994));
#2232=CARTESIAN_POINT('',(-47.5027562215927,17.0477908418912,68.9975480074994));
#2233=CARTESIAN_POINT('Origin',(-47.5027562215927,17.0477908418912,68.9975480074994));
#2234=CARTESIAN_POINT('',(-45.5138012001731,17.0477908418912,30.));
#2235=CARTESIAN_POINT('',(-42.329746732167,17.0477908418912,40.));
#2236=CARTESIAN_POINT('Origin',(-47.5027562215927,2.50233629643668,93.9975480074994));
#2237=CARTESIAN_POINT('',(-47.4196699994072,2.50233629643668,93.9975480074994));
#2238=CARTESIAN_POINT('',(-47.2323923563782,0.502336296436673,93.9975480074994));
#2239=CARTESIAN_POINT('Origin',(-10.0027562215927,4.99724377840729,93.9975480074994));
#2240=CARTESIAN_POINT('',(-44.4124269066836,2.50233629643668,93.9975480074994));
#2241=CARTESIAN_POINT('',(-47.5027562215927,2.50233629643668,93.9975480074994));
#2242=CARTESIAN_POINT('',(-44.2086885539897,0.502336296436674,93.9975480074994));
#2243=CARTESIAN_POINT('Origin',(-10.0027562215927,4.99724377840729,93.9975480074994));
#2244=CARTESIAN_POINT('',(-47.5027562215927,0.502336296436673,93.9975480074994));
#2245=CARTESIAN_POINT('Origin',(-47.5027562215927,0.502336296436673,93.9975480074994));
#2246=CARTESIAN_POINT('',(-47.2323923563782,0.502336296436675,68.9975480074994));
#2247=CARTESIAN_POINT('',(-47.2323923563782,0.502336296436679,30.));
#2248=CARTESIAN_POINT('',(-44.2086885539897,0.502336296436676,68.9975480074994));
#2249=CARTESIAN_POINT('',(-44.2086885539897,0.502336296436678,40.));
#2250=CARTESIAN_POINT('',(-47.5027562215927,0.502336296436675,68.9975480074994));
#2251=CARTESIAN_POINT('Origin',(-47.5027562215927,0.502336296436675,68.9975480074994));
#2252=CARTESIAN_POINT('',(-47.4196699994072,2.50233629643668,68.9975480074994));
#2253=CARTESIAN_POINT('Origin',(-10.0027562215927,4.99724377840729,68.9975480074994));
#2254=CARTESIAN_POINT('',(-44.4124269066836,2.50233629643668,68.9975480074994));
#2255=CARTESIAN_POINT('Origin',(-10.0027562215927,4.99724377840728,68.9975480074994));
#2256=CARTESIAN_POINT('',(-47.5027562215927,2.50233629643668,68.9975480074994));
#2257=CARTESIAN_POINT('Origin',(-47.5027562215927,2.50233629643668,68.9975480074994));
#2258=CARTESIAN_POINT('',(-47.4196699994072,2.50233629643668,30.));
#2259=CARTESIAN_POINT('',(-44.4124269066836,2.50233629643668,40.));
#2260=CARTESIAN_POINT('Origin',(-47.5027562215927,-12.0431182490179,93.9975480074994));
#2261=CARTESIAN_POINT('',(-43.4074873531897,-12.0431182490179,93.9975480074994));
#2262=CARTESIAN_POINT('',(-42.3093285229772,-14.0431182490179,93.9975480074994));
#2263=CARTESIAN_POINT('Origin',(-10.0027562215927,4.99724377840729,93.9975480074994));
#2264=CARTESIAN_POINT('',(-40.0006905167119,-12.0431182490179,93.9975480074994));
#2265=CARTESIAN_POINT('',(-47.5027562215927,-12.0431182490179,93.9975480074994));
#2266=CARTESIAN_POINT('',(-38.7727860071975,-14.0431182490179,93.9975480074994));
#2267=CARTESIAN_POINT('Origin',(-10.0027562215927,4.99724377840729,93.9975480074994));
#2268=CARTESIAN_POINT('',(-47.5027562215927,-14.0431182490179,93.9975480074994));
#2269=CARTESIAN_POINT('Origin',(-47.5027562215927,-14.0431182490179,93.9975480074994));
#2270=CARTESIAN_POINT('',(-42.3093285229772,-14.0431182490179,68.9975480074994));
#2271=CARTESIAN_POINT('',(-42.3093285229772,-14.0431182490179,30.));
#2272=CARTESIAN_POINT('',(-38.7727860071975,-14.0431182490179,68.9975480074994));
#2273=CARTESIAN_POINT('',(-38.7727860071975,-14.0431182490179,40.));
#2274=CARTESIAN_POINT('',(-47.5027562215927,-14.0431182490179,68.9975480074994));
#2275=CARTESIAN_POINT('Origin',(-47.5027562215927,-14.0431182490179,68.9975480074994));
#2276=CARTESIAN_POINT('',(-43.4074873531897,-12.0431182490179,68.9975480074994));
#2277=CARTESIAN_POINT('Origin',(-10.0027562215927,4.99724377840729,68.9975480074994));
#2278=CARTESIAN_POINT('',(-40.0006905167119,-12.0431182490179,68.9975480074994));
#2279=CARTESIAN_POINT('Origin',(-10.0027562215927,4.99724377840728,68.9975480074994));
#2280=CARTESIAN_POINT('',(-47.5027562215927,-12.0431182490179,68.9975480074994));
#2281=CARTESIAN_POINT('Origin',(-47.5027562215927,-12.0431182490179,68.9975480074994));
#2282=CARTESIAN_POINT('',(-43.4074873531897,-12.0431182490179,30.));
#2283=CARTESIAN_POINT('',(-40.0006905167119,-12.0431182490179,40.));
#2284=CARTESIAN_POINT('Origin',(-47.5027562215927,-4.7703909762906,93.9975480074994));
#2285=CARTESIAN_POINT('',(-46.2083263910959,-4.7703909762906,93.9975480074994));
#2286=CARTESIAN_POINT('',(-45.6085531131106,-6.7703909762906,93.9975480074994));
#2287=CARTESIAN_POINT('Origin',(-10.0027562215927,4.99724377840729,93.9975480074994));
#2288=CARTESIAN_POINT('',(-43.0911727944482,-4.7703909762906,93.9975480074994));
#2289=CARTESIAN_POINT('',(-47.5027562215927,-4.7703909762906,93.9975480074994));
#2290=CARTESIAN_POINT('',(-42.4338026475103,-6.7703909762906,93.9975480074994));
#2291=CARTESIAN_POINT('Origin',(-10.0027562215927,4.99724377840729,93.9975480074994));
#2292=CARTESIAN_POINT('',(-47.5027562215927,-6.7703909762906,93.9975480074994));
#2293=CARTESIAN_POINT('Origin',(-47.5027562215927,-6.7703909762906,93.9975480074994));
#2294=CARTESIAN_POINT('',(-45.6085531131106,-6.7703909762906,68.9975480074994));
#2295=CARTESIAN_POINT('',(-45.6085531131106,-6.7703909762906,30.));
#2296=CARTESIAN_POINT('',(-42.4338026475103,-6.7703909762906,68.9975480074994));
#2297=CARTESIAN_POINT('',(-42.4338026475103,-6.7703909762906,40.));
#2298=CARTESIAN_POINT('',(-47.5027562215927,-6.7703909762906,68.9975480074994));
#2299=CARTESIAN_POINT('Origin',(-47.5027562215927,-6.7703909762906,68.9975480074994));
#2300=CARTESIAN_POINT('',(-46.2083263910959,-4.7703909762906,68.9975480074994));
#2301=CARTESIAN_POINT('Origin',(-10.0027562215927,4.99724377840729,68.9975480074994));
#2302=CARTESIAN_POINT('',(-43.0911727944482,-4.7703909762906,68.9975480074994));
#2303=CARTESIAN_POINT('Origin',(-10.0027562215927,4.99724377840728,68.9975480074994));
#2304=CARTESIAN_POINT('',(-47.5027562215927,-4.7703909762906,68.9975480074994));
#2305=CARTESIAN_POINT('Origin',(-47.5027562215927,-4.7703909762906,68.9975480074994));
#2306=CARTESIAN_POINT('',(-46.2083263910959,-4.7703909762906,30.));
#2307=CARTESIAN_POINT('',(-43.0911727944482,-4.7703909762906,40.));
#2308=CARTESIAN_POINT('Origin',(-47.5027562215927,9.77506356916395,93.9975480074994));
#2309=CARTESIAN_POINT('',(-47.1971434063152,9.77506356916395,93.9975480074994));
#2310=CARTESIAN_POINT('',(-47.3997309282462,7.77506356916394,93.9975480074994));
#2311=CARTESIAN_POINT('Origin',(-10.0027562215927,4.99724377840729,93.9975480074994));
#2312=CARTESIAN_POINT('',(-44.1703203438279,9.77506356916395,93.9975480074994));
#2313=CARTESIAN_POINT('',(-47.5027562215927,9.77506356916395,93.9975480074994));
#2314=CARTESIAN_POINT('',(-44.3907442001017,7.77506356916394,93.9975480074994));
#2315=CARTESIAN_POINT('Origin',(-10.0027562215927,4.99724377840729,93.9975480074994));
#2316=CARTESIAN_POINT('',(-47.5027562215927,7.77506356916394,93.9975480074994));
#2317=CARTESIAN_POINT('Origin',(-47.5027562215927,7.77506356916394,93.9975480074994));
#2318=CARTESIAN_POINT('',(-47.3997309282462,7.77506356916395,68.9975480074994));
#2319=CARTESIAN_POINT('',(-47.3997309282462,7.77506356916395,30.));
#2320=CARTESIAN_POINT('',(-44.3907442001017,7.77506356916395,68.9975480074994));
#2321=CARTESIAN_POINT('',(-44.3907442001017,7.77506356916395,40.));
#2322=CARTESIAN_POINT('',(-47.5027562215927,7.77506356916395,68.9975480074994));
#2323=CARTESIAN_POINT('Origin',(-47.5027562215927,7.77506356916395,68.9975480074994));
#2324=CARTESIAN_POINT('',(-47.1971434063152,9.77506356916395,68.9975480074994));
#2325=CARTESIAN_POINT('Origin',(-10.0027562215927,4.99724377840729,68.9975480074994));
#2326=CARTESIAN_POINT('',(-44.1703203438279,9.77506356916395,68.9975480074994));
#2327=CARTESIAN_POINT('Origin',(-10.0027562215927,4.99724377840728,68.9975480074994));
#2328=CARTESIAN_POINT('',(-47.5027562215927,9.77506356916395,68.9975480074994));
#2329=CARTESIAN_POINT('Origin',(-47.5027562215927,9.77506356916395,68.9975480074994));
#2330=CARTESIAN_POINT('',(-47.1971434063152,9.77506356916395,30.));
#2331=CARTESIAN_POINT('',(-44.1703203438279,9.77506356916395,40.));
#2332=CARTESIAN_POINT('Origin',(-47.5027562215927,24.3205181146185,68.9975480074994));
#2333=CARTESIAN_POINT('',(-42.1409121880995,24.3205181146185,68.9975480074994));
#2334=CARTESIAN_POINT('',(-42.1409121880996,24.3205181146185,93.9975480074994));
#2335=CARTESIAN_POINT('',(-42.1409121880995,24.3205181146185,30.));
#2336=CARTESIAN_POINT('',(-38.5835376826991,24.3205181146185,68.9975480074994));
#2337=CARTESIAN_POINT('',(-47.5027562215927,24.3205181146185,68.9975480074994));
#2338=CARTESIAN_POINT('',(-38.5835376826991,24.3205181146185,93.9975480074994));
#2339=CARTESIAN_POINT('',(-38.5835376826991,24.3205181146185,40.));
#2340=CARTESIAN_POINT('',(-47.5027562215927,24.3205181146185,93.9975480074994));
#2341=CARTESIAN_POINT('Origin',(-47.5027562215927,24.3205181146185,93.9975480074994));
#2342=CARTESIAN_POINT('',(-43.2616522687011,22.3205181146185,93.9975480074994));
#2343=CARTESIAN_POINT('Origin',(-10.0027562215927,4.99724377840729,93.9975480074994));
#2344=CARTESIAN_POINT('',(-39.8382077226571,22.3205181146185,93.9975480074994));
#2345=CARTESIAN_POINT('Origin',(-10.0027562215927,4.99724377840729,93.9975480074994));
#2346=CARTESIAN_POINT('',(-47.5027562215927,22.3205181146185,93.9975480074994));
#2347=CARTESIAN_POINT('Origin',(-47.5027562215927,22.3205181146185,93.9975480074994));
#2348=CARTESIAN_POINT('',(-43.2616522687011,22.3205181146185,68.9975480074994));
#2349=CARTESIAN_POINT('',(-43.2616522687011,22.3205181146185,30.));
#2350=CARTESIAN_POINT('',(-39.8382077226571,22.3205181146185,68.9975480074994));
#2351=CARTESIAN_POINT('',(-39.8382077226571,22.3205181146185,40.));
#2352=CARTESIAN_POINT('',(-47.5027562215927,22.3205181146185,68.9975480074994));
#2353=CARTESIAN_POINT('Origin',(-47.5027562215927,22.3205181146185,68.9975480074994));
#2354=CARTESIAN_POINT('Origin',(-10.0027562215927,4.99724377840729,68.9975480074994));
#2355=CARTESIAN_POINT('Origin',(-10.0027562215927,4.99724377840728,68.9975480074994));
#2356=CARTESIAN_POINT('Origin',(-47.5027562215927,13.4114272055276,93.9975480074994));
#2357=CARTESIAN_POINT('',(-46.5465863062291,13.4114272055276,93.9975480074994));
#2358=CARTESIAN_POINT('',(-46.950127589029,11.4114272055276,93.9975480074994));
#2359=CARTESIAN_POINT('Origin',(-10.0027562215927,4.99724377840729,93.9975480074994));
#2360=CARTESIAN_POINT('',(-43.4609617511003,13.4114272055276,93.9975480074994));
#2361=CARTESIAN_POINT('',(-47.5027562215927,13.4114272055276,93.9975480074994));
#2362=CARTESIAN_POINT('',(-43.9012554651175,11.4114272055276,93.9975480074994));
#2363=CARTESIAN_POINT('Origin',(-10.0027562215927,4.99724377840729,93.9975480074994));
#2364=CARTESIAN_POINT('',(-47.5027562215927,11.4114272055276,93.9975480074994));
#2365=CARTESIAN_POINT('Origin',(-47.5027562215927,11.4114272055276,93.9975480074994));
#2366=CARTESIAN_POINT('',(-46.950127589029,11.4114272055276,68.9975480074994));
#2367=CARTESIAN_POINT('',(-46.950127589029,11.4114272055276,30.));
#2368=CARTESIAN_POINT('',(-43.9012554651175,11.4114272055276,68.9975480074994));
#2369=CARTESIAN_POINT('',(-43.9012554651175,11.4114272055276,40.));
#2370=CARTESIAN_POINT('',(-47.5027562215927,11.4114272055276,68.9975480074994));
#2371=CARTESIAN_POINT('Origin',(-47.5027562215927,11.4114272055276,68.9975480074994));
#2372=CARTESIAN_POINT('',(-46.5465863062291,13.4114272055276,68.9975480074994));
#2373=CARTESIAN_POINT('Origin',(-10.0027562215927,4.99724377840729,68.9975480074994));
#2374=CARTESIAN_POINT('',(-43.4609617511003,13.4114272055276,68.9975480074994));
#2375=CARTESIAN_POINT('Origin',(-10.0027562215927,4.99724377840728,68.9975480074994));
#2376=CARTESIAN_POINT('',(-47.5027562215927,13.4114272055276,68.9975480074994));
#2377=CARTESIAN_POINT('Origin',(-47.5027562215927,13.4114272055276,68.9975480074994));
#2378=CARTESIAN_POINT('',(-46.5465863062291,13.4114272055276,30.));
#2379=CARTESIAN_POINT('',(-43.4609617511003,13.4114272055276,40.));
#2380=CARTESIAN_POINT('Origin',(-47.5027562215927,-1.13402733992696,93.9975480074994));
#2381=CARTESIAN_POINT('',(-46.9981277493052,-1.13402733992696,93.9975480074994));
#2382=CARTESIAN_POINT('',(-46.6105754683075,-3.13402733992696,93.9975480074994));
#2383=CARTESIAN_POINT('Origin',(-10.0027562215927,4.99724377840729,93.9975480074994));
#2384=CARTESIAN_POINT('',(-43.953566439811,-1.13402733992696,93.9975480074994));
#2385=CARTESIAN_POINT('',(-47.5027562215927,-1.13402733992696,93.9975480074994));
#2386=CARTESIAN_POINT('',(-43.5308404197711,-3.13402733992696,93.9975480074994));
#2387=CARTESIAN_POINT('Origin',(-10.0027562215927,4.99724377840729,93.9975480074994));
#2388=CARTESIAN_POINT('',(-47.5027562215927,-3.13402733992696,93.9975480074994));
#2389=CARTESIAN_POINT('Origin',(-47.5027562215927,-3.13402733992696,93.9975480074994));
#2390=CARTESIAN_POINT('',(-46.6105754683075,-3.13402733992696,68.9975480074994));
#2391=CARTESIAN_POINT('',(-46.6105754683075,-3.13402733992696,30.));
#2392=CARTESIAN_POINT('',(-43.5308404197711,-3.13402733992696,68.9975480074994));
#2393=CARTESIAN_POINT('',(-43.5308404197711,-3.13402733992696,40.));
#2394=CARTESIAN_POINT('',(-47.5027562215927,-3.13402733992696,68.9975480074994));
#2395=CARTESIAN_POINT('Origin',(-47.5027562215927,-3.13402733992696,68.9975480074994));
#2396=CARTESIAN_POINT('',(-46.9981277493052,-1.13402733992696,68.9975480074994));
#2397=CARTESIAN_POINT('Origin',(-10.0027562215927,4.99724377840729,68.9975480074994));
#2398=CARTESIAN_POINT('',(-43.953566439811,-1.13402733992696,68.9975480074994));
#2399=CARTESIAN_POINT('Origin',(-10.0027562215927,4.99724377840728,68.9975480074994));
#2400=CARTESIAN_POINT('',(-47.5027562215927,-1.13402733992696,68.9975480074994));
#2401=CARTESIAN_POINT('Origin',(-47.5027562215927,-1.13402733992696,68.9975480074994));
#2402=CARTESIAN_POINT('',(-46.9981277493052,-1.13402733992696,30.));
#2403=CARTESIAN_POINT('',(-43.953566439811,-1.13402733992696,40.));
#2404=CARTESIAN_POINT('Origin',(-47.5027562215927,-15.6794818853815,68.9975480074994));
#2405=CARTESIAN_POINT('',(-41.2873053764777,-15.6794818853815,30.));
#2406=CARTESIAN_POINT('',(-37.6201966501411,-15.6794818853815,40.));
#2407=CARTESIAN_POINT('Origin',(-10.0027562215927,4.99724377840728,31.));
#2408=CARTESIAN_POINT('',(-46.5027562215927,4.99724377840727,30.));
#2409=CARTESIAN_POINT('Origin',(-10.0027562215927,4.99724377840728,30.));
#2410=CARTESIAN_POINT('',(-47.5027562215927,4.99724377840729,31.));
#2411=CARTESIAN_POINT('Origin',(-46.5027562215927,4.99724377840729,31.));
#2412=CARTESIAN_POINT('Origin',(-10.0027562215927,4.99724377840728,31.));
#2413=CARTESIAN_POINT('Origin',(-10.0027562215927,4.99724377840728,30.));
#2414=CARTESIAN_POINT('',(7.79724377840732,4.99724377840728,30.));
#2415=CARTESIAN_POINT('Origin',(-10.0027562215927,4.99724377840728,30.));
#2416=CARTESIAN_POINT('Origin',(-10.0027562215927,4.99724377840728,30.));
#2417=CARTESIAN_POINT('',(-47.5027562215927,4.99724377840729,140.));
#2418=CARTESIAN_POINT('Origin',(-10.0027562215927,4.9972437784073,140.));
#2419=CARTESIAN_POINT('',(-47.5027562215927,4.99724377840728,30.));
#2420=CARTESIAN_POINT('',(-47.5027562215927,4.99724377840728,30.));
#2421=CARTESIAN_POINT('Origin',(-10.0027562215927,4.9972437784073,140.));
#2422=CARTESIAN_POINT('',(-44.5027562215927,4.99724377840729,140.));
#2423=CARTESIAN_POINT('Origin',(-10.0027562215927,4.9972437784073,140.));
#2424=CARTESIAN_POINT('Origin',(-10.0027562215927,4.99724377840728,40.));
#2425=CARTESIAN_POINT('',(-44.5027562215927,4.99724377840728,40.));
#2426=CARTESIAN_POINT('',(-44.5027562215927,4.99724377840728,40.));
#2427=CARTESIAN_POINT('',(-44.5027562215927,4.99724377840728,40.));
#2428=CARTESIAN_POINT('Origin',(-10.0027562215927,4.99724377840728,40.));
#2429=CARTESIAN_POINT('Origin',(-10.0027562215927,4.99724377840728,28.));
#2430=CARTESIAN_POINT('',(-25.8027562215927,4.99724377840728,28.));
#2431=CARTESIAN_POINT('',(5.79724377840732,4.99724377840728,28.));
#2432=CARTESIAN_POINT('Origin',(-10.0027562215927,4.99724377840728,28.));
#2433=CARTESIAN_POINT('Origin',(7.79724377840732,4.99724377840728,28.));
#2434=CARTESIAN_POINT('Origin',(-10.0027562215927,4.99724377840728,28.));
#2435=CARTESIAN_POINT('Origin',(-10.0027562215927,4.99724377840728,30.));
#2436=CARTESIAN_POINT('',(-25.8027562215927,4.99724377840728,0.));
#2437=CARTESIAN_POINT('Origin',(-10.0027562215927,4.99724377840728,-2.22044604925031E-15));
#2438=CARTESIAN_POINT('',(-25.8027562215927,4.99724377840728,30.));
#2439=CARTESIAN_POINT('Origin',(-10.0027562215927,4.99724377840728,-2.22044604925031E-15));
#2440=CARTESIAN_POINT('',(-24.0027562215927,4.99724377840728,0.));
#2441=CARTESIAN_POINT('Origin',(-10.0027562215927,4.99724377840728,-2.22044604925031E-15));
#2442=CARTESIAN_POINT('Origin',(-10.0027562215927,4.99724377840728,30.));
#2443=CARTESIAN_POINT('',(-24.0027562215927,4.99724377840728,40.));
#2444=CARTESIAN_POINT('Origin',(-10.0027562215927,4.99724377840728,40.));
#2445=CARTESIAN_POINT('',(-24.0027562215927,4.99724377840728,30.));
#2446=CARTESIAN_POINT('Origin',(-10.0027562215927,4.99724377840728,40.));
#2447=CARTESIAN_POINT('Origin',(-60.,90.,0.199999999999996));
#2448=CARTESIAN_POINT('',(-22.7,90.,0.));
#2449=CARTESIAN_POINT('Origin',(-60.,90.,0.));
#2450=CARTESIAN_POINT('',(-22.5,90.,0.199999999999996));
#2451=CARTESIAN_POINT('Origin',(-22.7,90.,0.199999999999996));
#2452=CARTESIAN_POINT('',(-97.5,90.,0.199999999999996));
#2453=CARTESIAN_POINT('Origin',(-60.,90.,0.199999999999996));
#2454=CARTESIAN_POINT('Origin',(-60.,90.,0.199999999999996));
#2455=CARTESIAN_POINT('Origin',(-60.,90.,0.));
#2456=CARTESIAN_POINT('',(-97.5,90.,4.));
#2457=CARTESIAN_POINT('Origin',(-60.,90.,4.));
#2458=CARTESIAN_POINT('',(-97.5,90.,0.));
#2459=CARTESIAN_POINT('Origin',(-60.,90.,0.));
#2460=CARTESIAN_POINT('',(-94.5,90.,0.));
#2461=CARTESIAN_POINT('Origin',(-60.,90.,0.));
#2462=CARTESIAN_POINT('Origin',(-60.,90.,0.));
#2463=CARTESIAN_POINT('',(-94.5,90.,4.));
#2464=CARTESIAN_POINT('Origin',(-60.,90.,4.));
#2465=CARTESIAN_POINT('',(-94.5,90.,0.));
#2466=CARTESIAN_POINT('Origin',(-60.,90.,4.));
#2467=CARTESIAN_POINT('Origin',(34.1570317743712,71.,0.));
#2468=CARTESIAN_POINT('',(34.1570317743712,65.,4.));
#2469=CARTESIAN_POINT('',(34.1570317743712,71.,4.));
#2470=CARTESIAN_POINT('',(34.1570317743712,80.5,4.));
#2471=CARTESIAN_POINT('',(34.1570317743712,65.,0.));
#2472=CARTESIAN_POINT('',(34.1570317743712,65.,0.));
#2473=CARTESIAN_POINT('',(34.1570317743712,71.,0.));
#2474=CARTESIAN_POINT('',(34.1570317743712,80.5,0.));
#2475=CARTESIAN_POINT('',(34.1570317743712,71.,0.));
#2476=CARTESIAN_POINT('Origin',(46.1570317743712,71.,0.));
#2477=CARTESIAN_POINT('',(46.1570317743712,71.,4.));
#2478=CARTESIAN_POINT('',(43.0785158871856,71.,4.));
#2479=CARTESIAN_POINT('',(46.1570317743712,71.,0.));
#2480=CARTESIAN_POINT('',(43.0785158871856,71.,0.));
#2481=CARTESIAN_POINT('',(46.1570317743712,71.,0.));
#2482=CARTESIAN_POINT('Origin',(46.1570317743712,65.,0.));
#2483=CARTESIAN_POINT('',(46.1570317743712,65.,4.));
#2484=CARTESIAN_POINT('',(46.1570317743712,77.5,4.));
#2485=CARTESIAN_POINT('',(46.1570317743712,65.,0.));
#2486=CARTESIAN_POINT('',(46.1570317743712,77.5,0.));
#2487=CARTESIAN_POINT('',(46.1570317743712,65.,0.));
#2488=CARTESIAN_POINT('Origin',(34.1570317743712,65.,0.));
#2489=CARTESIAN_POINT('',(37.0785158871856,65.,4.));
#2490=CARTESIAN_POINT('',(37.0785158871856,65.,0.));
#2491=CARTESIAN_POINT('Origin',(40.,90.,0.));
#2492=CARTESIAN_POINT('',(26.,90.,0.));
#2493=CARTESIAN_POINT('Origin',(40.,90.,0.));
#2494=CARTESIAN_POINT('',(26.,90.,4.));
#2495=CARTESIAN_POINT('',(26.,90.,0.));
#2496=CARTESIAN_POINT('Origin',(40.,90.,4.));
#2497=CARTESIAN_POINT('Origin',(28.4083364467588,78.4083364467588,0.));
#2498=CARTESIAN_POINT('',(26.9083364467588,78.4083364467588,0.));
#2499=CARTESIAN_POINT('Origin',(28.4083364467588,78.4083364467588,0.));
#2500=CARTESIAN_POINT('',(26.9083364467588,78.4083364467588,4.));
#2501=CARTESIAN_POINT('',(26.9083364467588,78.4083364467588,0.));
#2502=CARTESIAN_POINT('Origin',(28.4083364467588,78.4083364467588,4.));
#2503=CARTESIAN_POINT('Origin',(51.6654984519838,101.665498451984,0.));
#2504=CARTESIAN_POINT('',(50.1654984519838,101.665498451984,0.));
#2505=CARTESIAN_POINT('Origin',(51.6654984519838,101.665498451984,0.));
#2506=CARTESIAN_POINT('',(50.1654984519838,101.665498451984,4.));
#2507=CARTESIAN_POINT('',(50.1654984519838,101.665498451984,0.));
#2508=CARTESIAN_POINT('Origin',(51.6654984519838,101.665498451984,4.));
#2509=CARTESIAN_POINT('Origin',(51.5887252450109,78.4112747549891,0.));
#2510=CARTESIAN_POINT('',(50.0887252450109,78.4112747549891,0.));
#2511=CARTESIAN_POINT('Origin',(51.5887252450109,78.4112747549891,0.));
#2512=CARTESIAN_POINT('',(50.0887252450109,78.4112747549891,4.));
#2513=CARTESIAN_POINT('',(50.0887252450109,78.4112747549891,0.));
#2514=CARTESIAN_POINT('Origin',(51.5887252450109,78.4112747549891,4.));
#2515=CARTESIAN_POINT('Origin',(27.9999998211861,102.000000178814,0.));
#2516=CARTESIAN_POINT('',(26.4999998211861,102.000000178814,0.));
#2517=CARTESIAN_POINT('Origin',(27.9999998211861,102.000000178814,0.));
#2518=CARTESIAN_POINT('',(26.4999998211861,102.000000178814,4.));
#2519=CARTESIAN_POINT('',(26.4999998211861,102.000000178814,0.));
#2520=CARTESIAN_POINT('Origin',(27.9999998211861,102.000000178814,4.));
#2521=CARTESIAN_POINT('Origin',(40.,90.,0.));
#2522=CARTESIAN_POINT('',(2.5,90.,4.));
#2523=CARTESIAN_POINT('Origin',(40.,90.,4.));
#2524=CARTESIAN_POINT('',(2.5,90.,0.));
#2525=CARTESIAN_POINT('',(2.5,90.,0.));
#2526=CARTESIAN_POINT('Origin',(40.,90.,0.));
#2527=CARTESIAN_POINT('Origin',(40.,90.,0.));
#2528=CARTESIAN_POINT('Origin',(40.,90.,4.));
#2529=CARTESIAN_POINT('',(0.,0.,0.));
#2530=UNCERTAINTY_MEASURE_WITH_UNIT(LENGTH_MEASURE(0.01),#2536,
'DISTANCE_ACCURACY_VALUE',
'Maximum model space distance between geometric entities at asserted c
onnectivities');
#2531=UNCERTAINTY_MEASURE_WITH_UNIT(LENGTH_MEASURE(0.01),#2536,
'DISTANCE_ACCURACY_VALUE',
'Maximum model space distance between geometric entities at asserted c
onnectivities');
#2532=UNCERTAINTY_MEASURE_WITH_UNIT(LENGTH_MEASURE(0.01),#2536,
'DISTANCE_ACCURACY_VALUE',
'Maximum model space distance between geometric entities at asserted c
onnectivities');
#2533=(
GEOMETRIC_REPRESENTATION_CONTEXT(3)
GLOBAL_UNCERTAINTY_ASSIGNED_CONTEXT((#2530))
GLOBAL_UNIT_ASSIGNED_CONTEXT((#2536,#2538,#2539))
REPRESENTATION_CONTEXT('','3D')
);
#2534=(
GEOMETRIC_REPRESENTATION_CONTEXT(3)
GLOBAL_UNCERTAINTY_ASSIGNED_CONTEXT((#2531))
GLOBAL_UNIT_ASSIGNED_CONTEXT((#2536,#2538,#2539))
REPRESENTATION_CONTEXT('','3D')
);
#2535=(
GEOMETRIC_REPRESENTATION_CONTEXT(3)
GLOBAL_UNCERTAINTY_ASSIGNED_CONTEXT((#2532))
GLOBAL_UNIT_ASSIGNED_CONTEXT((#2536,#2538,#2539))
REPRESENTATION_CONTEXT('','3D')
);
#2536=(
LENGTH_UNIT()
NAMED_UNIT(*)
SI_UNIT(.MILLI.,.METRE.)
);
#2537=(
LENGTH_UNIT()
NAMED_UNIT(*)
SI_UNIT($,.METRE.)
);
#2538=(
NAMED_UNIT(*)
PLANE_ANGLE_UNIT()
SI_UNIT($,.RADIAN.)
);
#2539=(
NAMED_UNIT(*)
SI_UNIT($,.STERADIAN.)
SOLID_ANGLE_UNIT()
);
#2540=SHAPE_DEFINITION_REPRESENTATION(#2542,#2545);
#2541=SHAPE_DEFINITION_REPRESENTATION(#2543,#2546);
#2542=PRODUCT_DEFINITION_SHAPE('',$,#2548);
#2543=PRODUCT_DEFINITION_SHAPE('',$,#2549);
#2544=PRODUCT_DEFINITION_SHAPE($,$,#14);
#2545=SHAPE_REPRESENTATION('',(#1501,#1662),#2533);
#2546=SHAPE_REPRESENTATION('',(#1502),#2534);
#2547=PRODUCT_DEFINITION_CONTEXT('part definition',#2555,'design');
#2548=PRODUCT_DEFINITION('2025-12-08-12-09-59-387','cam',#2550,#2547);
#2549=PRODUCT_DEFINITION('2025-12-08-12-10-12-289','Component1',#2551,#2547);
#2550=PRODUCT_DEFINITION_FORMATION('',$,#2557);
#2551=PRODUCT_DEFINITION_FORMATION('',$,#2558);
#2552=PRODUCT_RELATED_PRODUCT_CATEGORY('cam','cam',(#2557));
#2553=PRODUCT_RELATED_PRODUCT_CATEGORY('Component1','Component1',(#2558));
#2554=APPLICATION_PROTOCOL_DEFINITION('international standard',
'automotive_design',2009,#2555);
#2555=APPLICATION_CONTEXT(
'Core Data for Automotive Mechanical Design Process');
#2556=PRODUCT_CONTEXT('part definition',#2555,'mechanical');
#2557=PRODUCT('2025-12-08-12-09-59-387','cam',$,(#2556));
#2558=PRODUCT('2025-12-08-12-10-12-289','Component1',$,(#2556));
#2559=PRESENTATION_STYLE_ASSIGNMENT((#2560));
#2560=SURFACE_STYLE_USAGE(.BOTH.,#2561);
#2561=SURFACE_SIDE_STYLE('',(#2562));
#2562=SURFACE_STYLE_FILL_AREA(#2563);
#2563=FILL_AREA_STYLE('Steel - Satin',(#2564));
#2564=FILL_AREA_STYLE_COLOUR('Steel - Satin',#2565);
#2565=COLOUR_RGB('Steel - Satin',0.627450980392157,0.627450980392157,0.627450980392157);
ENDSEC;
END-ISO-10303-21;
